ID,SEX,PREF,TIME,AGE,Q1,Q2,Q3,Q4,Q5
1,1,1,1999-01-01 12:00:00,4,1,8,2,1,2
2,2,2,1999-01-01 12:00:00,2,1,7,1,2,2
3,1,3,1999-01-01 12:00:00,2,2,2,2,1,1
4,2,1,1999-01-01 12:00:00,6,9,1,1,2,2
5,1,2,1999-01-01 12:00:00,3,1,1,2,1,2
6,2,3,1999-01-01 12:00:00,1,1,6,1,1,2
7,1,1,1999-01-01 12:00:00,3,1,10,1,2,3
8,2,2,1999-01-01 12:00:00,5,9,6,4,1,4
9,1,3,1999-01-01 12:00:00,4,1,9,2,2,2
10,2,1,1999-01-01 12:00:00,1,1,1,1,1,1
11,1,2,1999-01-01 12:00:00,3,10,10,2,2,2
12,2,3,1999-01-01 12:00:00,1,9,1,2,1,2
13,1,1,1999-01-01 12:00:00,3,9,2,1,2,2
14,2,2,1999-01-01 12:00:00,1,2,2,3,2,2
15,1,3,1999-01-01 12:00:00,6,9,2,1,1,2
16,2,1,1999-01-01 12:00:00,1,1,9,2,1,2
17,1,2,1999-01-01 12:00:00,5,2,9,2,2,2
18,2,3,1999-01-01 12:00:00,2,9,2,1,1,1
19,1,1,1999-01-01 12:00:00,6,1,1,1,1,2
20,2,2,1999-01-01 12:00:00,6,2,2,1,2,2
21,1,3,1999-01-01 12:00:00,5,2,3,2,2,4
22,2,1,1999-01-01 12:00:00,4,1,9,1,1,1
23,1,2,1999-01-01 12:00:00,5,2,1,1,1,1
24,2,3,1999-01-01 12:00:00,3,2,1,2,3,2
25,1,1,1999-01-01 12:00:00,5,2,2,2,3,2
26,2,2,1999-01-01 12:00:00,2,4,4,2,2,3
27,1,3,1999-01-01 12:00:00,5,2,10,2,3,2
28,2,1,1999-01-01 12:00:00,2,2,9,2,2,2
29,1,2,1999-01-01 12:00:00,1,3,5,4,1,3
30,2,3,1999-01-01 12:00:00,1,9,1,2,2,2
31,1,1,1999-01-01 12:00:00,6,1,9,1,1,4
32,2,2,1999-01-01 12:00:00,6,9,2,1,2,4
33,1,3,1999-01-01 12:00:00,1,9,8,1,1,3
34,2,1,1999-01-01 12:00:00,4,2,2,1,1,2
35,1,2,1999-01-01 12:00:00,5,2,9,1,1,2
36,2,3,1999-01-01 12:00:00,1,10,10,2,2,3
37,1,1,1999-01-01 12:00:00,4,1,6,1,1,1
38,2,2,1999-01-01 12:00:00,5,2,9,2,2,1
39,1,3,1999-01-01 12:00:00,1,10,6,1,1,2
40,2,1,1999-01-01 12:00:00,2,9,1,2,2,2
41,1,2,1999-01-01 12:00:00,5,10,9,1,3,3
42,2,3,1999-01-01 12:00:00,4,9,6,1,2,1
43,1,1,1999-01-01 12:00:00,5,9,9,3,2,1
44,2,2,1999-01-01 12:00:00,5,3,3,3,2,2
45,1,3,1999-01-01 12:00:00,5,9,1,1,4,2
46,2,1,1999-01-01 12:00:00,3,3,3,1,2,2
47,1,2,1999-01-01 12:00:00,5,9,9,2,1,3
48,2,3,1999-01-01 12:00:00,1,1,5,1,1,3
49,1,1,1999-01-01 12:00:00,1,9,1,1,1,2
50,2,2,1999-01-01 12:00:00,1,9,9,1,1,3
51,1,3,1999-01-01 12:00:00,2,10,4,3,2,2
52,2,1,1999-01-01 12:00:00,3,10,7,2,2,3
53,1,2,1999-01-01 12:00:00,3,10,10,1,1,1
54,2,3,1999-01-01 12:00:00,4,1,1,1,1,2
55,1,1,1999-01-01 12:00:00,5,8,8,2,1,2
56,2,2,1999-01-01 12:00:00,3,9,1,1,1,4
57,1,3,1999-01-01 12:00:00,6,9,2,2,3,4
58,2,1,1999-01-01 12:00:00,5,8,3,2,1,1
59,1,2,1999-01-01 12:00:00,3,1,7,2,2,1
60,2,3,1999-01-01 12:00:00,1,1,1,1,1,3
61,1,1,1999-01-01 12:00:00,3,1,6,1,1,2
62,2,2,1999-01-01 12:00:00,6,2,2,2,1,4
63,1,3,1999-01-01 12:00:00,2,1,9,3,2,2
64,2,1,1999-01-01 12:00:00,2,1,1,2,1,1
65,1,2,1999-01-01 12:00:00,2,1,1,1,1,2
66,2,3,1999-01-01 12:00:00,2,2,5,2,2,2
67,1,1,1999-01-01 12:00:00,3,10,2,3,3,1
68,2,2,1999-01-01 12:00:00,5,1,1,3,1,2
69,1,3,1999-01-01 12:00:00,6,3,10,2,2,2
70,2,1,1999-01-01 12:00:00,5,3,9,2,1,2
71,1,2,1999-01-01 12:00:00,6,1,4,4,2,2
72,2,3,1999-01-01 12:00:00,3,1,1,1,1,1
73,1,1,1999-01-01 12:00:00,3,9,10,1,2,2
74,2,2,1999-01-01 12:00:00,1,2,5,3,2,1
75,1,3,1999-01-01 12:00:00,4,10,9,2,1,2
76,2,1,1999-01-01 12:00:00,5,9,9,1,3,4
77,1,2,1999-01-01 12:00:00,5,10,1,1,2,1
78,2,3,1999-01-01 12:00:00,1,2,9,2,2,3
79,1,1,1999-01-01 12:00:00,5,2,2,1,2,2
80,2,2,1999-01-01 12:00:00,4,1,1,1,1,3
81,1,3,1999-01-01 12:00:00,6,10,10,1,2,1
82,2,1,1999-01-01 12:00:00,4,1,6,1,1,2
83,1,2,1999-01-01 12:00:00,3,1,3,1,1,3
84,2,3,1999-01-01 12:00:00,2,2,9,2,2,3
85,1,1,1999-01-01 12:00:00,3,9,1,1,2,3
86,2,2,1999-01-01 12:00:00,5,2,2,2,2,2
87,1,3,1999-01-01 12:00:00,5,1,1,1,1,2
88,2,1,1999-01-01 12:00:00,4,9,2,1,1,3
89,1,2,1999-01-01 12:00:00,1,1,2,2,3,3
90,2,3,1999-01-01 12:00:00,6,9,3,2,1,2
91,1,1,1999-01-01 12:00:00,4,1,1,2,1,1
92,2,2,1999-01-01 12:00:00,5,9,10,2,2,2
93,1,3,1999-01-01 12:00:00,3,1,9,1,1,3
94,2,1,1999-01-01 12:00:00,2,1,4,3,1,2
95,1,2,1999-01-01 12:00:00,1,9,1,2,1,1
96,2,3,1999-01-01 12:00:00,2,9,10,2,2,4
97,1,1,1999-01-01 12:00:00,5,1,9,2,1,2
98,2,2,1999-01-01 12:00:00,3,1,3,3,3,4
99,1,3,1999-01-01 12:00:00,6,9,9,4,1,3
100,2,1,1999-01-01 12:00:00,6,9,10,4,2,2
101,1,2,1999-01-01 12:00:00,4,1,1,2,3,3
102,2,3,1999-01-01 12:00:00,6,9,9,1,1,1
103,1,1,1999-01-01 12:00:00,4,10,9,3,1,3
104,2,2,1999-01-01 12:00:00,6,9,3,1,2,2
105,1,3,1999-01-01 12:00:00,6,2,2,3,2,2
106,2,1,1999-01-01 12:00:00,3,9,10,1,1,1
107,1,2,1999-01-01 12:00:00,6,2,6,2,1,1
108,2,3,1999-01-01 12:00:00,1,9,4,1,1,3
109,1,1,1999-01-01 12:00:00,3,1,1,1,1,3
110,2,2,1999-01-01 12:00:00,6,10,10,1,2,2
111,1,3,1999-01-01 12:00:00,4,1,1,1,3,1
112,2,1,1999-01-01 12:00:00,6,1,10,1,1,2
113,1,2,1999-01-01 12:00:00,3,2,4,2,2,2
114,2,3,1999-01-01 12:00:00,5,9,10,2,3,1
115,1,1,1999-01-01 12:00:00,6,1,1,3,1,3
116,2,2,1999-01-01 12:00:00,3,9,10,2,1,2
117,1,3,1999-01-01 12:00:00,6,2,2,2,3,1
118,2,1,1999-01-01 12:00:00,6,1,1,2,1,2
119,1,2,1999-01-01 12:00:00,5,2,2,2,3,2
120,2,3,1999-01-01 12:00:00,2,1,1,1,1,1
121,1,1,1999-01-01 12:00:00,3,2,9,2,2,2
122,2,2,1999-01-01 12:00:00,5,1,2,1,1,2
123,1,3,1999-01-01 12:00:00,2,1,6,2,4,2
124,2,1,1999-01-01 12:00:00,3,7,10,1,1,2
125,1,2,1999-01-01 12:00:00,4,9,6,3,1,2
126,2,3,1999-01-01 12:00:00,1,1,2,1,3,3
127,1,1,1999-01-01 12:00:00,3,2,1,2,2,3
128,2,2,1999-01-01 12:00:00,4,2,9,3,3,2
129,1,3,1999-01-01 12:00:00,2,10,1,1,2,1
130,2,1,1999-01-01 12:00:00,6,4,10,2,2,1
131,1,2,1999-01-01 12:00:00,3,9,2,4,2,2
132,2,3,1999-01-01 12:00:00,1,2,10,1,2,2
133,1,1,1999-01-01 12:00:00,4,1,10,1,2,2
134,2,2,1999-01-01 12:00:00,5,1,9,4,1,2
135,1,3,1999-01-01 12:00:00,4,2,4,2,2,3
136,2,1,1999-01-01 12:00:00,1,1,9,1,1,1
137,1,2,1999-01-01 12:00:00,5,9,9,2,2,3
138,2,3,1999-01-01 12:00:00,3,2,2,2,2,2
139,1,1,1999-01-01 12:00:00,6,1,9,1,2,2
140,2,2,1999-01-01 12:00:00,4,2,2,2,2,2
141,1,3,1999-01-01 12:00:00,3,2,2,2,2,2
142,2,1,1999-01-01 12:00:00,4,9,9,1,1,3
143,1,2,1999-01-01 12:00:00,5,1,5,1,2,3
144,2,3,1999-01-01 12:00:00,3,3,1,1,4,1
145,1,1,1999-01-01 12:00:00,2,9,8,2,3,2
146,2,2,1999-01-01 12:00:00,1,2,9,2,2,2
147,1,3,1999-01-01 12:00:00,5,1,8,1,1,2
148,2,1,1999-01-01 12:00:00,4,2,2,2,2,1
149,1,2,1999-01-01 12:00:00,5,10,9,2,3,1
150,2,3,1999-01-01 12:00:00,4,9,1,1,3,2
151,1,1,1999-01-01 12:00:00,2,9,2,1,1,3
152,2,2,1999-01-01 12:00:00,1,1,9,1,2,1
153,1,3,1999-01-01 12:00:00,1,5,1,1,1,2
154,2,1,1999-01-01 12:00:00,6,9,1,2,3,2
155,1,2,1999-01-01 12:00:00,6,2,2,2,2,2
156,2,3,1999-01-01 12:00:00,5,1,8,1,1,2
157,1,1,1999-01-01 12:00:00,5,1,1,2,2,2
158,2,2,1999-01-01 12:00:00,6,9,4,1,1,4
159,1,3,1999-01-01 12:00:00,4,1,7,1,1,1
160,2,1,1999-01-01 12:00:00,1,9,9,3,3,4
161,1,2,1999-01-01 12:00:00,3,1,1,1,1,2
162,2,3,1999-01-01 12:00:00,4,9,10,1,2,4
163,1,1,1999-01-01 12:00:00,1,1,9,4,1,3
164,2,2,1999-01-01 12:00:00,3,1,3,3,1,2
165,1,3,1999-01-01 12:00:00,5,1,9,2,2,2
166,2,1,1999-01-01 12:00:00,5,4,7,2,2,2
167,1,2,1999-01-01 12:00:00,1,9,1,4,1,1
168,2,3,1999-01-01 12:00:00,4,1,10,3,1,2
169,1,1,1999-01-01 12:00:00,4,9,9,3,1,2
170,2,2,1999-01-01 12:00:00,2,1,1,1,1,1
171,1,3,1999-01-01 12:00:00,3,1,3,1,1,2
172,2,1,1999-01-01 12:00:00,6,9,2,1,2,3
173,1,2,1999-01-01 12:00:00,6,1,1,1,1,1
174,2,3,1999-01-01 12:00:00,3,9,2,1,3,2
175,1,1,1999-01-01 12:00:00,4,1,4,3,2,1
176,2,2,1999-01-01 12:00:00,1,10,10,1,1,2
177,1,3,1999-01-01 12:00:00,1,1,1,1,1,2
178,2,1,1999-01-01 12:00:00,6,9,10,2,4,2
179,1,2,1999-01-01 12:00:00,1,2,2,4,2,1
180,2,3,1999-01-01 12:00:00,6,9,1,2,2,2
181,1,1,1999-01-01 12:00:00,3,9,7,2,1,2
182,2,2,1999-01-01 12:00:00,6,2,2,1,2,2
183,1,3,1999-01-01 12:00:00,4,9,8,1,2,2
184,2,1,1999-01-01 12:00:00,6,1,1,2,1,4
185,1,2,1999-01-01 12:00:00,4,8,10,1,3,4
186,2,3,1999-01-01 12:00:00,5,2,5,3,2,2
187,1,1,1999-01-01 12:00:00,6,1,1,4,1,2
188,2,2,1999-01-01 12:00:00,5,9,9,2,4,2
189,1,3,1999-01-01 12:00:00,1,1,1,1,2,2
190,2,1,1999-01-01 12:00:00,2,1,9,2,1,2
191,1,2,1999-01-01 12:00:00,2,1,1,1,2,1
192,2,3,1999-01-01 12:00:00,1,9,1,2,2,2
193,1,1,1999-01-01 12:00:00,5,3,4,2,2,2
194,2,2,1999-01-01 12:00:00,5,2,9,3,1,1
195,1,3,1999-01-01 12:00:00,2,2,1,2,2,2
196,2,1,1999-01-01 12:00:00,5,9,2,3,1,2
197,1,2,1999-01-01 12:00:00,5,4,3,2,2,2
198,2,3,1999-01-01 12:00:00,2,9,2,2,1,2
199,1,1,1999-01-01 12:00:00,4,10,10,2,2,2
200,2,2,1999-01-01 12:00:00,4,2,9,2,2,3
201,1,3,1999-01-01 12:00:00,1,9,10,2,3,2
202,2,1,1999-01-01 12:00:00,4,1,1,1,3,3
203,1,2,1999-01-01 12:00:00,6,9,1,2,3,2
204,2,3,1999-01-01 12:00:00,1,1,3,1,1,2
205,1,1,1999-01-01 12:00:00,4,1,1,3,1,4
206,2,2,1999-01-01 12:00:00,5,2,1,2,1,2
207,1,3,1999-01-01 12:00:00,6,2,2,2,1,1
208,2,1,1999-01-01 12:00:00,1,1,1,1,1,3
209,1,2,1999-01-01 12:00:00,3,3,4,2,3,3
210,2,3,1999-01-01 12:00:00,5,1,9,1,3,3
211,1,1,1999-01-01 12:00:00,4,1,1,1,3,3
212,2,2,1999-01-01 12:00:00,6,1,6,1,1,2
213,1,3,1999-01-01 12:00:00,6,1,9,3,1,3
214,2,1,1999-01-01 12:00:00,4,2,2,2,4,2
215,1,2,1999-01-01 12:00:00,1,2,1,1,3,2
216,2,3,1999-01-01 12:00:00,4,9,10,4,1,2
217,1,1,1999-01-01 12:00:00,2,9,2,1,1,2
218,2,2,1999-01-01 12:00:00,3,4,1,2,2,2
219,1,3,1999-01-01 12:00:00,6,2,2,2,2,1
220,2,1,1999-01-01 12:00:00,5,1,1,1,1,2
221,1,2,1999-01-01 12:00:00,6,1,6,1,4,1
222,2,3,1999-01-01 12:00:00,2,2,2,2,3,2
223,1,1,1999-01-01 12:00:00,4,2,2,2,3,1
224,2,2,1999-01-01 12:00:00,3,9,2,1,2,2
225,1,3,1999-01-01 12:00:00,1,10,10,1,3,3
226,2,1,1999-01-01 12:00:00,3,2,2,3,2,2
227,1,2,1999-01-01 12:00:00,4,1,1,1,2,2
228,2,3,1999-01-01 12:00:00,2,9,10,1,2,2
229,1,1,1999-01-01 12:00:00,2,1,3,1,1,3
230,2,2,1999-01-01 12:00:00,3,2,8,4,1,1
231,1,3,1999-01-01 12:00:00,1,1,1,1,2,1
232,2,1,1999-01-01 12:00:00,4,1,9,1,1,3
233,1,2,1999-01-01 12:00:00,2,2,2,3,2,4
234,2,3,1999-01-01 12:00:00,1,9,1,2,2,4
235,1,1,1999-01-01 12:00:00,4,9,8,1,1,2
236,2,2,1999-01-01 12:00:00,4,10,1,2,3,3
237,1,3,1999-01-01 12:00:00,4,1,1,1,1,3
238,2,1,1999-01-01 12:00:00,5,1,1,1,2,2
239,1,2,1999-01-01 12:00:00,5,1,8,2,1,2
240,2,3,1999-01-01 12:00:00,1,10,10,1,3,4
241,1,1,1999-01-01 12:00:00,6,9,1,1,2,2
242,2,2,1999-01-01 12:00:00,4,1,2,3,1,2
243,1,3,1999-01-01 12:00:00,2,9,1,2,1,2
244,2,1,1999-01-01 12:00:00,5,2,9,1,2,2
245,1,2,1999-01-01 12:00:00,2,2,2,2,2,3
246,2,3,1999-01-01 12:00:00,5,10,8,2,1,2
247,1,1,1999-01-01 12:00:00,2,9,1,2,1,3
248,2,2,1999-01-01 12:00:00,3,6,4,1,1,3
249,1,3,1999-01-01 12:00:00,5,2,7,3,2,1
250,2,1,1999-01-01 12:00:00,6,9,1,2,1,4
251,1,2,1999-01-01 12:00:00,1,9,1,1,1,2
252,2,3,1999-01-01 12:00:00,2,1,9,1,3,2
253,1,1,1999-01-01 12:00:00,2,1,1,3,4,2
254,2,2,1999-01-01 12:00:00,4,2,3,2,2,1
255,1,3,1999-01-01 12:00:00,1,2,10,2,1,2
256,2,1,1999-01-01 12:00:00,2,9,2,1,2,2
257,1,2,1999-01-01 12:00:00,4,9,1,1,1,1
258,2,3,1999-01-01 12:00:00,3,9,2,2,2,2
259,1,1,1999-01-01 12:00:00,6,1,1,1,2,3
260,2,2,1999-01-01 12:00:00,3,1,1,2,1,2
261,1,3,1999-01-01 12:00:00,6,1,9,3,1,2
262,2,1,1999-01-01 12:00:00,3,9,10,1,1,1
263,1,2,1999-01-01 12:00:00,5,9,10,1,1,2
264,2,3,1999-01-01 12:00:00,5,2,2,1,2,4
265,1,1,1999-01-01 12:00:00,2,9,9,4,1,2
266,2,2,1999-01-01 12:00:00,4,2,2,2,2,3
267,1,3,1999-01-01 12:00:00,6,9,1,2,1,3
268,2,1,1999-01-01 12:00:00,6,2,7,2,3,2
269,1,2,1999-01-01 12:00:00,6,1,1,2,1,1
270,2,3,1999-01-01 12:00:00,5,1,9,3,1,1
271,1,1,1999-01-01 12:00:00,5,1,5,1,2,3
272,2,2,1999-01-01 12:00:00,3,1,1,1,1,3
273,1,3,1999-01-01 12:00:00,1,2,6,2,2,1
274,2,1,1999-01-01 12:00:00,4,2,6,2,2,1
275,1,2,1999-01-01 12:00:00,6,9,10,1,1,1
276,2,3,1999-01-01 12:00:00,3,1,10,1,3,1
277,1,1,1999-01-01 12:00:00,4,2,2,3,3,2
278,2,2,1999-01-01 12:00:00,5,1,4,1,1,3
279,1,3,1999-01-01 12:00:00,6,2,9,3,2,2
280,2,1,1999-01-01 12:00:00,2,10,8,2,1,3
281,1,2,1999-01-01 12:00:00,4,1,9,1,1,2
282,2,3,1999-01-01 12:00:00,2,2,9,2,1,1
283,1,1,1999-01-01 12:00:00,5,9,7,2,2,2
284,2,2,1999-01-01 12:00:00,4,9,9,3,3,3
285,1,3,1999-01-01 12:00:00,1,1,4,3,1,2
286,2,1,1999-01-01 12:00:00,3,9,3,2,2,4
287,1,2,1999-01-01 12:00:00,5,2,6,2,3,1
288,2,3,1999-01-01 12:00:00,6,9,1,1,1,4
289,1,1,1999-01-01 12:00:00,4,1,1,1,2,2
290,2,2,1999-01-01 12:00:00,1,1,6,3,1,2
291,1,3,1999-01-01 12:00:00,6,1,5,3,1,2
292,2,1,1999-01-01 12:00:00,4,9,2,2,2,2
293,1,2,1999-01-01 12:00:00,1,8,8,1,2,2
294,2,3,1999-01-01 12:00:00,3,1,3,3,2,2
295,1,1,1999-01-01 12:00:00,2,9,9,2,1,3
296,2,2,1999-01-01 12:00:00,5,2,1,1,1,2
297,1,3,1999-01-01 12:00:00,6,9,5,1,1,2
298,2,1,1999-01-01 12:00:00,1,9,1,3,1,1
299,1,2,1999-01-01 12:00:00,1,9,8,1,2,2
300,2,3,1999-01-01 12:00:00,6,3,7,1,1,2
301,1,1,1999-01-01 12:00:00,4,4,7,2,2,1
302,2,2,1999-01-01 12:00:00,4,9,6,1,3,4
303,1,3,1999-01-01 12:00:00,2,1,1,1,2,2
304,2,1,1999-01-01 12:00:00,2,1,9,1,1,1
305,1,2,1999-01-01 12:00:00,2,10,10,1,1,2
306,2,3,1999-01-01 12:00:00,4,1,1,1,2,3
307,1,1,1999-01-01 12:00:00,5,2,7,1,1,2
308,2,2,1999-01-01 12:00:00,4,2,9,3,3,2
309,1,3,1999-01-01 12:00:00,5,10,10,1,3,2
310,2,1,1999-01-01 12:00:00,2,1,3,1,1,2
311,1,2,1999-01-01 12:00:00,5,1,1,2,2,2
312,2,3,1999-01-01 12:00:00,6,1,4,4,1,4
313,1,1,1999-01-01 12:00:00,2,1,1,1,1,2
314,2,2,1999-01-01 12:00:00,6,2,2,2,1,1
315,1,3,1999-01-01 12:00:00,3,9,2,2,2,2
316,2,1,1999-01-01 12:00:00,4,1,1,2,1,1
317,1,2,1999-01-01 12:00:00,3,9,2,1,2,1
318,2,3,1999-01-01 12:00:00,2,1,1,2,1,1
319,1,1,1999-01-01 12:00:00,3,9,2,2,1,2
320,2,2,1999-01-01 12:00:00,1,2,9,2,2,3
321,1,3,1999-01-01 12:00:00,2,2,9,1,4,3
322,2,1,1999-01-01 12:00:00,6,9,10,2,1,3
323,1,2,1999-01-01 12:00:00,2,2,2,2,2,2
324,2,3,1999-01-01 12:00:00,1,2,2,3,1,2
325,1,1,1999-01-01 12:00:00,3,9,4,2,2,2
326,2,2,1999-01-01 12:00:00,5,9,1,2,2,2
327,1,3,1999-01-01 12:00:00,3,2,8,3,3,2
328,2,1,1999-01-01 12:00:00,1,9,2,3,3,2
329,1,2,1999-01-01 12:00:00,3,1,1,1,1,2
330,2,3,1999-01-01 12:00:00,1,2,10,2,2,2
331,1,1,1999-01-01 12:00:00,6,2,3,4,2,4
332,2,2,1999-01-01 12:00:00,4,9,10,2,2,2
333,1,3,1999-01-01 12:00:00,4,9,2,1,1,1
334,2,1,1999-01-01 12:00:00,1,1,9,3,1,1
335,1,2,1999-01-01 12:00:00,4,2,9,3,2,1
336,2,3,1999-01-01 12:00:00,4,1,10,3,1,2
337,1,1,1999-01-01 12:00:00,3,9,9,1,1,1
338,2,2,1999-01-01 12:00:00,4,9,1,3,1,3
339,1,3,1999-01-01 12:00:00,6,1,1,1,1,3
340,2,1,1999-01-01 12:00:00,4,10,10,1,1,1
341,1,2,1999-01-01 12:00:00,6,1,9,3,1,2
342,2,3,1999-01-01 12:00:00,6,6,5,1,2,3
343,1,1,1999-01-01 12:00:00,3,10,6,2,1,4
344,2,2,1999-01-01 12:00:00,5,1,2,1,1,2
345,1,3,1999-01-01 12:00:00,5,9,2,1,2,2
346,2,1,1999-01-01 12:00:00,6,9,10,1,1,3
347,1,2,1999-01-01 12:00:00,3,2,9,2,2,4
348,2,3,1999-01-01 12:00:00,4,7,9,1,1,3
349,1,1,1999-01-01 12:00:00,5,10,1,3,2,3
350,2,2,1999-01-01 12:00:00,1,9,2,4,1,3
351,1,3,1999-01-01 12:00:00,1,2,2,3,2,2
352,2,1,1999-01-01 12:00:00,3,1,2,1,1,1
353,1,2,1999-01-01 12:00:00,3,2,2,2,3,2
354,2,3,1999-01-01 12:00:00,1,2,2,1,2,2
355,1,1,1999-01-01 12:00:00,6,1,9,2,4,2
356,2,2,1999-01-01 12:00:00,1,1,6,2,1,2
357,1,3,1999-01-01 12:00:00,4,2,5,2,1,1
358,2,1,1999-01-01 12:00:00,3,1,1,3,1,3
359,1,2,1999-01-01 12:00:00,4,2,2,1,4,1
360,2,3,1999-01-01 12:00:00,5,9,9,3,2,2
361,1,1,1999-01-01 12:00:00,5,6,5,2,2,4
362,2,2,1999-01-01 12:00:00,4,1,9,1,1,1
363,1,3,1999-01-01 12:00:00,4,1,9,1,1,2
364,2,1,1999-01-01 12:00:00,2,2,2,2,2,3
365,1,2,1999-01-01 12:00:00,2,1,2,1,1,2
366,2,3,1999-01-01 12:00:00,2,10,4,1,2,1
367,1,1,1999-01-01 12:00:00,3,1,4,1,1,2
368,2,2,1999-01-01 12:00:00,2,2,10,2,2,1
369,1,3,1999-01-01 12:00:00,2,1,9,1,1,2
370,2,1,1999-01-01 12:00:00,6,1,9,2,1,2
371,1,2,1999-01-01 12:00:00,5,1,1,2,1,3
372,2,3,1999-01-01 12:00:00,5,2,2,1,2,2
373,1,1,1999-01-01 12:00:00,6,2,2,2,2,2
374,2,2,1999-01-01 12:00:00,5,2,5,2,2,3
375,1,3,1999-01-01 12:00:00,2,1,8,1,1,2
376,2,1,1999-01-01 12:00:00,2,1,2,1,1,2
377,1,2,1999-01-01 12:00:00,3,9,7,1,2,3
378,2,3,1999-01-01 12:00:00,3,1,1,2,2,3
379,1,1,1999-01-01 12:00:00,2,9,7,2,1,2
380,2,2,1999-01-01 12:00:00,3,2,10,1,2,4
381,1,3,1999-01-01 12:00:00,5,2,10,2,1,2
382,2,1,1999-01-01 12:00:00,3,1,7,1,1,2
383,1,2,1999-01-01 12:00:00,2,2,2,1,2,1
384,2,3,1999-01-01 12:00:00,4,10,1,2,1,2
385,1,1,1999-01-01 12:00:00,3,1,3,2,3,3
386,2,2,1999-01-01 12:00:00,3,9,2,1,3,2
387,1,3,1999-01-01 12:00:00,1,10,9,3,1,2
388,2,1,1999-01-01 12:00:00,2,9,9,1,1,3
389,1,2,1999-01-01 12:00:00,6,4,6,1,2,2
390,2,3,1999-01-01 12:00:00,1,2,9,3,1,1
391,1,1,1999-01-01 12:00:00,2,1,2,2,2,1
392,2,2,1999-01-01 12:00:00,4,1,6,4,1,2
393,1,3,1999-01-01 12:00:00,1,9,2,2,1,3
394,2,1,1999-01-01 12:00:00,5,1,1,1,1,1
395,1,2,1999-01-01 12:00:00,5,9,10,1,2,2
396,2,3,1999-01-01 12:00:00,2,9,1,3,1,2
397,1,1,1999-01-01 12:00:00,3,9,8,2,2,2
398,2,2,1999-01-01 12:00:00,4,9,7,2,2,2
399,1,3,1999-01-01 12:00:00,4,3,5,2,3,1
400,2,1,1999-01-01 12:00:00,6,9,9,2,2,2
401,1,2,1999-01-01 12:00:00,1,4,6,2,1,2
402,2,3,1999-01-01 12:00:00,3,1,1,1,3,3
403,1,1,1999-01-01 12:00:00,5,2,10,2,2,2
404,2,2,1999-01-01 12:00:00,6,1,6,3,3,1
405,1,3,1999-01-01 12:00:00,2,2,10,2,3,2
406,2,1,1999-01-01 12:00:00,3,9,9,1,1,2
407,1,2,1999-01-01 12:00:00,4,9,9,1,1,1
408,2,3,1999-01-01 12:00:00,2,1,1,1,3,2
409,1,1,1999-01-01 12:00:00,1,2,9,2,2,2
410,2,2,1999-01-01 12:00:00,1,9,4,1,1,1
411,1,3,1999-01-01 12:00:00,6,9,9,1,1,1
412,2,1,1999-01-01 12:00:00,3,1,9,2,1,3
413,1,2,1999-01-01 12:00:00,2,2,9,2,1,4
414,2,3,1999-01-01 12:00:00,5,10,8,1,1,3
415,1,1,1999-01-01 12:00:00,6,2,1,1,3,3
416,2,2,1999-01-01 12:00:00,6,9,9,3,1,1
417,1,3,1999-01-01 12:00:00,5,2,3,2,2,2
418,2,1,1999-01-01 12:00:00,5,1,1,2,1,1
419,1,2,1999-01-01 12:00:00,4,1,2,1,1,4
420,2,3,1999-01-01 12:00:00,5,9,8,2,2,2
421,1,1,1999-01-01 12:00:00,6,2,9,2,2,2
422,2,2,1999-01-01 12:00:00,6,1,2,1,1,2
423,1,3,1999-01-01 12:00:00,1,9,4,2,1,2
424,2,1,1999-01-01 12:00:00,2,2,10,1,3,2
425,1,2,1999-01-01 12:00:00,4,2,2,2,2,2
426,2,3,1999-01-01 12:00:00,2,9,1,1,2,1
427,1,1,1999-01-01 12:00:00,3,2,9,2,2,2
428,2,2,1999-01-01 12:00:00,4,9,1,2,1,4
429,1,3,1999-01-01 12:00:00,2,1,1,1,1,3
430,2,1,1999-01-01 12:00:00,4,1,10,2,1,3
431,1,2,1999-01-01 12:00:00,4,1,1,1,1,3
432,2,3,1999-01-01 12:00:00,6,3,8,1,2,2
433,1,1,1999-01-01 12:00:00,2,1,1,2,1,2
434,2,2,1999-01-01 12:00:00,6,3,1,2,1,3
435,1,3,1999-01-01 12:00:00,4,9,1,2,3,2
436,2,1,1999-01-01 12:00:00,5,1,1,2,3,2
437,1,2,1999-01-01 12:00:00,2,2,6,2,2,1
438,2,3,1999-01-01 12:00:00,2,3,3,1,2,2
439,1,1,1999-01-01 12:00:00,2,9,10,3,1,2
440,2,2,1999-01-01 12:00:00,6,1,4,1,1,1
441,1,3,1999-01-01 12:00:00,4,2,9,1,3,2
442,2,1,1999-01-01 12:00:00,3,2,10,2,4,1
443,1,2,1999-01-01 12:00:00,3,1,1,2,3,2
444,2,3,1999-01-01 12:00:00,4,1,1,1,1,3
445,1,1,1999-01-01 12:00:00,6,1,1,2,2,1
446,2,2,1999-01-01 12:00:00,6,1,1,3,3,2
447,1,3,1999-01-01 12:00:00,5,2,6,2,2,2
448,2,1,1999-01-01 12:00:00,5,9,1,2,1,1
449,1,2,1999-01-01 12:00:00,5,9,2,2,1,2
450,2,3,1999-01-01 12:00:00,4,3,9,2,2,1
451,1,1,1999-01-01 12:00:00,5,2,5,3,1,1
452,2,2,1999-01-01 12:00:00,2,2,5,4,1,2
453,1,3,1999-01-01 12:00:00,2,1,1,2,1,2
454,2,1,1999-01-01 12:00:00,3,1,1,2,4,1
455,1,2,1999-01-01 12:00:00,2,1,7,1,2,3
456,2,3,1999-01-01 12:00:00,2,9,1,2,2,4
457,1,1,1999-01-01 12:00:00,2,1,1,2,1,2
458,2,2,1999-01-01 12:00:00,4,1,9,2,1,1
459,1,3,1999-01-01 12:00:00,6,1,9,2,1,2
460,2,1,1999-01-01 12:00:00,3,9,10,3,1,2
461,1,2,1999-01-01 12:00:00,5,1,1,1,1,2
462,2,3,1999-01-01 12:00:00,6,1,1,1,1,2
463,1,1,1999-01-01 12:00:00,6,8,8,2,2,1
464,2,2,1999-01-01 12:00:00,4,4,4,2,2,3
465,1,3,1999-01-01 12:00:00,6,9,8,2,2,3
466,2,1,1999-01-01 12:00:00,5,10,10,1,1,3
467,1,2,1999-01-01 12:00:00,6,1,9,1,2,2
468,2,3,1999-01-01 12:00:00,5,2,9,2,3,3
469,1,1,1999-01-01 12:00:00,6,1,9,1,1,2
470,2,2,1999-01-01 12:00:00,5,1,1,3,1,2
471,1,3,1999-01-01 12:00:00,4,1,9,4,1,2
472,2,1,1999-01-01 12:00:00,5,9,9,2,1,1
473,1,2,1999-01-01 12:00:00,2,9,1,1,2,2
474,2,3,1999-01-01 12:00:00,2,1,9,3,1,4
475,1,1,1999-01-01 12:00:00,6,1,1,4,2,2
476,2,2,1999-01-01 12:00:00,1,1,2,2,1,2
477,1,3,1999-01-01 12:00:00,1,8,8,1,1,2
478,2,1,1999-01-01 12:00:00,5,2,2,1,2,2
479,1,2,1999-01-01 12:00:00,4,9,9,2,2,1
480,2,3,1999-01-01 12:00:00,2,2,2,2,1,3
481,1,1,1999-01-01 12:00:00,1,9,1,1,2,2
482,2,2,1999-01-01 12:00:00,6,10,10,2,2,2
483,1,3,1999-01-01 12:00:00,5,1,9,1,2,2
484,2,1,1999-01-01 12:00:00,6,1,2,1,3,1
485,1,2,1999-01-01 12:00:00,4,1,1,1,1,3
486,2,3,1999-01-01 12:00:00,4,1,1,2,1,3
487,1,1,1999-01-01 12:00:00,1,3,9,1,4,2
488,2,2,1999-01-01 12:00:00,3,1,10,2,2,2
489,1,3,1999-01-01 12:00:00,6,9,2,4,2,3
490,2,1,1999-01-01 12:00:00,4,9,10,1,2,3
491,1,2,1999-01-01 12:00:00,1,1,6,3,2,4
492,2,3,1999-01-01 12:00:00,2,2,2,2,1,2
493,1,1,1999-01-01 12:00:00,5,7,7,3,1,3
494,2,2,1999-01-01 12:00:00,4,9,2,3,4,2
495,1,3,1999-01-01 12:00:00,5,2,2,2,1,2
496,2,1,1999-01-01 12:00:00,4,1,9,1,1,2
497,1,2,1999-01-01 12:00:00,6,2,10,1,4,1
498,2,3,1999-01-01 12:00:00,1,2,9,1,1,2
499,1,1,1999-01-01 12:00:00,4,1,1,3,1,4
500,2,2,1999-01-01 12:00:00,5,1,6,1,3,2
501,1,3,1999-01-01 12:00:00,4,2,10,2,3,2
502,2,1,1999-01-01 12:00:00,3,9,1,1,1,1
503,1,2,1999-01-01 12:00:00,6,1,7,1,3,2
504,2,3,1999-01-01 12:00:00,4,1,1,2,2,4
505,1,1,1999-01-01 12:00:00,1,10,10,1,2,2
506,2,2,1999-01-01 12:00:00,1,1,10,3,2,2
507,1,3,1999-01-01 12:00:00,1,2,9,2,2,2
508,2,1,1999-01-01 12:00:00,2,1,1,1,4,2
509,1,2,1999-01-01 12:00:00,2,10,1,3,1,2
510,2,3,1999-01-01 12:00:00,2,1,8,3,2,4
511,1,1,1999-01-01 12:00:00,1,1,6,3,3,2
512,2,2,1999-01-01 12:00:00,2,2,3,4,1,2
513,1,3,1999-01-01 12:00:00,1,1,1,3,1,2
514,2,1,1999-01-01 12:00:00,3,1,6,1,1,2
515,1,2,1999-01-01 12:00:00,5,10,1,3,2,2
516,2,3,1999-01-01 12:00:00,3,9,9,2,3,2
517,1,1,1999-01-01 12:00:00,1,10,9,2,2,3
518,2,2,1999-01-01 12:00:00,1,2,9,2,2,2
519,1,3,1999-01-01 12:00:00,4,1,9,1,1,1
520,2,1,1999-01-01 12:00:00,4,1,10,3,3,3
521,1,2,1999-01-01 12:00:00,4,1,4,1,2,2
522,2,3,1999-01-01 12:00:00,3,2,2,2,2,1
523,1,1,1999-01-01 12:00:00,1,9,9,4,1,1
524,2,2,1999-01-01 12:00:00,5,1,1,1,2,2
525,1,3,1999-01-01 12:00:00,2,10,9,4,2,3
526,2,1,1999-01-01 12:00:00,2,4,4,3,4,2
527,1,2,1999-01-01 12:00:00,5,1,9,2,2,2
528,2,3,1999-01-01 12:00:00,4,9,1,2,1,2
529,1,1,1999-01-01 12:00:00,3,4,5,2,1,3
530,2,2,1999-01-01 12:00:00,3,2,1,2,2,2
531,1,3,1999-01-01 12:00:00,5,2,2,2,1,2
532,2,1,1999-01-01 12:00:00,6,2,2,1,1,3
533,1,2,1999-01-01 12:00:00,4,9,2,1,1,2
534,2,3,1999-01-01 12:00:00,2,4,1,2,2,4
535,1,1,1999-01-01 12:00:00,5,9,10,2,3,3
536,2,2,1999-01-01 12:00:00,3,3,7,3,3,2
537,1,3,1999-01-01 12:00:00,6,10,10,1,2,1
538,2,1,1999-01-01 12:00:00,4,2,2,1,2,2
539,1,2,1999-01-01 12:00:00,1,9,6,1,1,2
540,2,3,1999-01-01 12:00:00,6,1,1,3,1,1
541,1,1,1999-01-01 12:00:00,5,1,1,3,2,1
542,2,2,1999-01-01 12:00:00,6,2,2,2,1,3
543,1,3,1999-01-01 12:00:00,6,7,8,1,4,4
544,2,1,1999-01-01 12:00:00,4,2,2,3,2,2
545,1,2,1999-01-01 12:00:00,3,2,2,1,2,2
546,2,3,1999-01-01 12:00:00,5,4,2,2,2,3
547,1,1,1999-01-01 12:00:00,2,1,9,1,2,2
548,2,2,1999-01-01 12:00:00,5,2,3,2,2,1
549,1,3,1999-01-01 12:00:00,3,10,9,2,1,2
550,2,1,1999-01-01 12:00:00,2,1,6,1,2,2
551,1,2,1999-01-01 12:00:00,3,9,1,2,1,1
552,2,3,1999-01-01 12:00:00,6,2,2,3,3,3
553,1,1,1999-01-01 12:00:00,1,4,3,4,4,3
554,2,2,1999-01-01 12:00:00,5,10,1,1,1,1
555,1,3,1999-01-01 12:00:00,3,9,4,2,1,1
556,2,1,1999-01-01 12:00:00,2,9,1,1,3,2
557,1,2,1999-01-01 12:00:00,5,9,9,1,2,1
558,2,3,1999-01-01 12:00:00,1,1,4,3,1,3
559,1,1,1999-01-01 12:00:00,3,2,1,3,2,1
560,2,2,1999-01-01 12:00:00,3,9,1,2,1,3
561,1,3,1999-01-01 12:00:00,5,2,2,3,1,1
562,2,1,1999-01-01 12:00:00,1,10,9,3,2,3
563,1,2,1999-01-01 12:00:00,6,9,10,1,1,3
564,2,3,1999-01-01 12:00:00,1,9,10,1,1,1
565,1,1,1999-01-01 12:00:00,4,2,9,2,2,3
566,2,2,1999-01-01 12:00:00,3,10,10,1,2,1
567,1,3,1999-01-01 12:00:00,2,9,9,2,2,2
568,2,1,1999-01-01 12:00:00,3,9,2,2,1,3
569,1,2,1999-01-01 12:00:00,5,2,2,3,2,2
570,2,3,1999-01-01 12:00:00,1,1,8,1,1,1
571,1,1,1999-01-01 12:00:00,4,2,6,2,2,1
572,2,2,1999-01-01 12:00:00,1,7,7,1,1,2
573,1,3,1999-01-01 12:00:00,4,1,8,1,1,3
574,2,1,1999-01-01 12:00:00,2,2,4,1,2,2
575,1,2,1999-01-01 12:00:00,3,1,9,1,1,3
576,2,3,1999-01-01 12:00:00,2,9,1,2,2,4
577,1,1,1999-01-01 12:00:00,3,2,9,1,3,2
578,2,2,1999-01-01 12:00:00,4,2,2,3,2,1
579,1,3,1999-01-01 12:00:00,1,10,4,1,1,2
580,2,1,1999-01-01 12:00:00,1,10,9,2,2,1
581,1,2,1999-01-01 12:00:00,6,1,1,3,4,2
582,2,3,1999-01-01 12:00:00,3,9,9,1,2,2
583,1,1,1999-01-01 12:00:00,6,9,9,1,1,2
584,2,2,1999-01-01 12:00:00,4,2,2,1,2,1
585,1,3,1999-01-01 12:00:00,3,1,3,1,3,2
586,2,1,1999-01-01 12:00:00,2,2,9,1,2,2
587,1,2,1999-01-01 12:00:00,3,4,4,2,2,1
588,2,3,1999-01-01 12:00:00,6,1,9,2,3,2
589,1,1,1999-01-01 12:00:00,2,1,2,2,1,2
590,2,2,1999-01-01 12:00:00,3,9,2,1,1,1
591,1,3,1999-01-01 12:00:00,2,1,9,4,1,3
592,2,1,1999-01-01 12:00:00,1,1,3,2,1,1
593,1,2,1999-01-01 12:00:00,2,7,2,1,2,2
594,2,3,1999-01-01 12:00:00,2,1,7,2,2,3
595,1,1,1999-01-01 12:00:00,6,1,1,1,1,2
596,2,2,1999-01-01 12:00:00,1,1,9,1,3,2
597,1,3,1999-01-01 12:00:00,2,9,5,1,2,2
598,2,1,1999-01-01 12:00:00,6,9,2,1,1,2
599,1,2,1999-01-01 12:00:00,5,1,1,3,1,1
600,2,3,1999-01-01 12:00:00,4,9,9,2,1,3
601,1,1,1999-01-01 12:00:00,6,1,8,2,2,2
602,2,2,1999-01-01 12:00:00,4,2,5,2,1,2
603,1,3,1999-01-01 12:00:00,5,9,9,1,2,1
604,2,1,1999-01-01 12:00:00,1,2,6,2,2,2
605,1,2,1999-01-01 12:00:00,2,1,1,1,1,1
606,2,3,1999-01-01 12:00:00,4,9,2,1,2,2
607,1,1,1999-01-01 12:00:00,6,7,1,1,2,3
608,2,2,1999-01-01 12:00:00,2,2,6,1,3,1
609,1,3,1999-01-01 12:00:00,5,2,2,2,1,1
610,2,1,1999-01-01 12:00:00,6,2,2,2,2,2
611,1,2,1999-01-01 12:00:00,3,1,7,2,2,1
612,2,3,1999-01-01 12:00:00,5,9,10,1,2,3
613,1,1,1999-01-01 12:00:00,5,1,1,1,1,1
614,2,2,1999-01-01 12:00:00,4,1,1,1,1,2
615,1,3,1999-01-01 12:00:00,4,2,4,2,1,4
616,2,1,1999-01-01 12:00:00,3,1,9,2,3,2
617,1,2,1999-01-01 12:00:00,5,10,3,2,3,3
618,2,3,1999-01-01 12:00:00,3,9,1,1,1,4
619,1,1,1999-01-01 12:00:00,6,4,8,2,2,2
620,2,2,1999-01-01 12:00:00,1,9,3,3,1,2
621,1,3,1999-01-01 12:00:00,5,10,10,1,1,1
622,2,1,1999-01-01 12:00:00,3,2,7,2,2,1
623,1,2,1999-01-01 12:00:00,1,10,10,1,1,1
624,2,3,1999-01-01 12:00:00,4,2,9,3,2,3
625,1,1,1999-01-01 12:00:00,2,1,9,1,1,1
626,2,2,1999-01-01 12:00:00,5,2,2,1,2,2
627,1,3,1999-01-01 12:00:00,3,1,5,1,1,3
628,2,1,1999-01-01 12:00:00,2,1,1,1,3,3
629,1,2,1999-01-01 12:00:00,6,1,3,1,4,2
630,2,3,1999-01-01 12:00:00,4,2,1,3,2,3
631,1,1,1999-01-01 12:00:00,5,9,2,1,2,1
632,2,2,1999-01-01 12:00:00,1,1,9,1,2,2
633,1,3,1999-01-01 12:00:00,1,2,2,2,2,3
634,2,1,1999-01-01 12:00:00,1,10,1,1,1,2
635,1,2,1999-01-01 12:00:00,5,1,7,3,1,2
636,2,3,1999-01-01 12:00:00,5,3,3,3,1,1
637,1,1,1999-01-01 12:00:00,4,2,9,2,3,2
638,2,2,1999-01-01 12:00:00,2,9,9,3,2,2
639,1,3,1999-01-01 12:00:00,5,1,1,2,1,3
640,2,1,1999-01-01 12:00:00,6,1,1,2,1,2
641,1,2,1999-01-01 12:00:00,4,2,2,3,1,2
642,2,3,1999-01-01 12:00:00,6,9,2,2,3,2
643,1,1,1999-01-01 12:00:00,2,1,1,2,1,1
644,2,2,1999-01-01 12:00:00,3,1,8,2,2,2
645,1,3,1999-01-01 12:00:00,4,9,9,1,1,2
646,2,1,1999-01-01 12:00:00,4,2,9,1,2,2
647,1,2,1999-01-01 12:00:00,4,1,1,2,1,1
648,2,3,1999-01-01 12:00:00,6,6,10,1,2,2
649,1,1,1999-01-01 12:00:00,2,2,10,3,4,3
650,2,2,1999-01-01 12:00:00,2,9,1,2,2,1
651,1,3,1999-01-01 12:00:00,1,2,2,2,4,4
652,2,1,1999-01-01 12:00:00,4,2,8,2,2,1
653,1,2,1999-01-01 12:00:00,5,9,2,2,2,3
654,2,3,1999-01-01 12:00:00,4,9,3,2,3,4
655,1,1,1999-01-01 12:00:00,2,1,1,3,1,1
656,2,2,1999-01-01 12:00:00,1,9,2,1,2,2
657,1,3,1999-01-01 12:00:00,5,1,2,3,2,3
658,2,1,1999-01-01 12:00:00,3,9,2,2,2,4
659,1,2,1999-01-01 12:00:00,3,9,1,3,1,3
660,2,3,1999-01-01 12:00:00,5,1,1,2,1,2
661,1,1,1999-01-01 12:00:00,3,9,6,1,1,3
662,2,2,1999-01-01 12:00:00,5,1,6,2,1,2
663,1,3,1999-01-01 12:00:00,2,4,10,2,2,3
664,2,1,1999-01-01 12:00:00,2,9,2,1,1,3
665,1,2,1999-01-01 12:00:00,3,9,8,2,3,2
666,2,3,1999-01-01 12:00:00,3,9,9,1,1,2
667,1,1,1999-01-01 12:00:00,1,1,2,3,4,3
668,2,2,1999-01-01 12:00:00,5,1,10,1,1,2
669,1,3,1999-01-01 12:00:00,4,10,2,2,2,3
670,2,1,1999-01-01 12:00:00,6,1,9,3,1,2
671,1,2,1999-01-01 12:00:00,5,2,10,2,2,4
672,2,3,1999-01-01 12:00:00,5,9,1,1,1,1
673,1,1,1999-01-01 12:00:00,5,1,8,1,1,2
674,2,2,1999-01-01 12:00:00,6,1,2,1,4,2
675,1,3,1999-01-01 12:00:00,4,2,1,1,2,1
676,2,1,1999-01-01 12:00:00,1,4,5,2,2,1
677,1,2,1999-01-01 12:00:00,6,10,2,2,1,2
678,2,3,1999-01-01 12:00:00,3,1,1,4,1,3
679,1,1,1999-01-01 12:00:00,1,1,10,1,1,2
680,2,2,1999-01-01 12:00:00,1,2,2,3,3,2
681,1,3,1999-01-01 12:00:00,2,2,9,2,1,2
682,2,1,1999-01-01 12:00:00,5,1,10,1,1,2
683,1,2,1999-01-01 12:00:00,4,9,1,1,1,2
684,2,3,1999-01-01 12:00:00,1,1,1,2,3,1
685,1,1,1999-01-01 12:00:00,2,2,5,2,4,3
686,2,2,1999-01-01 12:00:00,1,2,2,2,2,1
687,1,3,1999-01-01 12:00:00,5,10,8,1,1,1
688,2,1,1999-01-01 12:00:00,4,9,10,1,1,2
689,1,2,1999-01-01 12:00:00,5,2,2,3,2,2
690,2,3,1999-01-01 12:00:00,4,9,1,2,1,1
691,1,1,1999-01-01 12:00:00,1,10,10,2,1,1
692,2,2,1999-01-01 12:00:00,1,9,6,1,1,2
693,1,3,1999-01-01 12:00:00,4,1,8,1,1,3
694,2,1,1999-01-01 12:00:00,6,9,2,1,2,2
695,1,2,1999-01-01 12:00:00,4,2,2,2,2,2
696,2,3,1999-01-01 12:00:00,5,1,4,1,1,2
697,1,1,1999-01-01 12:00:00,4,1,5,3,1,3
698,2,2,1999-01-01 12:00:00,1,4,3,2,3,1
699,1,3,1999-01-01 12:00:00,2,3,3,2,4,2
700,2,1,1999-01-01 12:00:00,5,2,1,2,2,2
701,1,2,1999-01-01 12:00:00,3,2,9,2,2,2
702,2,3,1999-01-01 12:00:00,5,2,3,2,2,2
703,1,1,1999-01-01 12:00:00,4,1,9,1,3,2
704,2,2,1999-01-01 12:00:00,3,9,4,1,1,1
705,1,3,1999-01-01 12:00:00,4,9,1,4,1,2
706,2,1,1999-01-01 12:00:00,3,2,2,2,2,1
707,1,2,1999-01-01 12:00:00,6,1,1,2,2,4
708,2,3,1999-01-01 12:00:00,1,2,9,3,2,2
709,1,1,1999-01-01 12:00:00,1,9,9,2,1,2
710,2,2,1999-01-01 12:00:00,4,1,2,1,1,3
711,1,3,1999-01-01 12:00:00,2,9,10,3,1,1
712,2,1,1999-01-01 12:00:00,6,2,9,3,1,1
713,1,2,1999-01-01 12:00:00,3,1,10,1,1,2
714,2,3,1999-01-01 12:00:00,1,9,9,1,1,1
715,1,1,1999-01-01 12:00:00,2,6,6,2,1,2
716,2,2,1999-01-01 12:00:00,2,9,2,3,2,3
717,1,3,1999-01-01 12:00:00,1,1,1,2,1,2
718,2,1,1999-01-01 12:00:00,1,4,6,2,4,2
719,1,2,1999-01-01 12:00:00,2,2,1,3,2,3
720,2,3,1999-01-01 12:00:00,5,10,8,1,1,3
721,1,1,1999-01-01 12:00:00,4,5,4,2,3,2
722,2,2,1999-01-01 12:00:00,3,2,6,1,2,2
723,1,3,1999-01-01 12:00:00,5,1,1,1,1,2
724,2,1,1999-01-01 12:00:00,6,1,8,1,1,2
725,1,2,1999-01-01 12:00:00,6,1,10,2,1,1
726,2,3,1999-01-01 12:00:00,5,1,1,3,1,1
727,1,1,1999-01-01 12:00:00,4,10,10,1,2,2
728,2,2,1999-01-01 12:00:00,3,7,4,3,2,2
729,1,3,1999-01-01 12:00:00,4,1,6,1,1,2
730,2,1,1999-01-01 12:00:00,4,9,4,2,1,1
731,1,2,1999-01-01 12:00:00,3,2,3,1,1,2
732,2,3,1999-01-01 12:00:00,4,9,2,3,1,3
733,1,1,1999-01-01 12:00:00,4,9,1,2,2,2
734,2,2,1999-01-01 12:00:00,5,1,1,1,2,2
735,1,3,1999-01-01 12:00:00,4,1,4,3,1,2
736,2,1,1999-01-01 12:00:00,5,2,1,2,2,2
737,1,2,1999-01-01 12:00:00,2,2,2,2,2,3
738,2,3,1999-01-01 12:00:00,3,2,2,3,2,2
739,1,1,1999-01-01 12:00:00,3,1,1,1,1,3
740,2,2,1999-01-01 12:00:00,3,1,1,1,1,2
741,1,3,1999-01-01 12:00:00,3,9,2,1,2,4
742,2,1,1999-01-01 12:00:00,6,1,1,2,4,1
743,1,2,1999-01-01 12:00:00,3,9,1,1,2,3
744,2,3,1999-01-01 12:00:00,2,1,4,2,1,2
745,1,1,1999-01-01 12:00:00,6,9,1,2,1,2
746,2,2,1999-01-01 12:00:00,2,1,1,1,2,1
747,1,3,1999-01-01 12:00:00,5,2,9,2,2,2
748,2,1,1999-01-01 12:00:00,4,1,3,2,2,2
749,1,2,1999-01-01 12:00:00,5,9,1,2,2,3
750,2,3,1999-01-01 12:00:00,4,4,4,3,4,1
751,1,1,1999-01-01 12:00:00,1,9,2,2,1,2
752,2,2,1999-01-01 12:00:00,5,1,3,3,1,4
753,1,3,1999-01-01 12:00:00,3,1,2,1,3,1
754,2,1,1999-01-01 12:00:00,1,2,3,1,2,2
755,1,2,1999-01-01 12:00:00,4,9,10,1,2,3
756,2,3,1999-01-01 12:00:00,1,1,6,1,3,1
757,1,1,1999-01-01 12:00:00,3,1,9,2,1,3
758,2,2,1999-01-01 12:00:00,3,9,9,1,4,1
759,1,3,1999-01-01 12:00:00,1,1,1,1,1,1
760,2,1,1999-01-01 12:00:00,5,1,4,3,2,2
761,1,2,1999-01-01 12:00:00,2,2,2,2,2,3
762,2,3,1999-01-01 12:00:00,5,10,10,3,3,4
763,1,1,1999-01-01 12:00:00,5,9,2,2,1,2
764,2,2,1999-01-01 12:00:00,1,9,9,1,2,1
765,1,3,1999-01-01 12:00:00,5,2,10,2,2,1
766,2,1,1999-01-01 12:00:00,5,10,10,1,1,3
767,1,2,1999-01-01 12:00:00,3,2,1,1,3,4
768,2,3,1999-01-01 12:00:00,2,1,1,1,1,2
769,1,1,1999-01-01 12:00:00,2,2,5,2,2,2
770,2,2,1999-01-01 12:00:00,3,9,7,2,4,3
771,1,3,1999-01-01 12:00:00,3,9,2,1,3,2
772,2,1,1999-01-01 12:00:00,1,2,2,1,2,2
773,1,2,1999-01-01 12:00:00,4,2,1,2,2,4
774,2,3,1999-01-01 12:00:00,2,1,1,3,1,2
775,1,1,1999-01-01 12:00:00,4,2,2,4,2,2
776,2,2,1999-01-01 12:00:00,2,1,7,1,2,2
777,1,3,1999-01-01 12:00:00,4,2,9,2,2,2
778,2,1,1999-01-01 12:00:00,2,10,10,2,1,1
779,1,2,1999-01-01 12:00:00,1,1,1,1,2,2
780,2,3,1999-01-01 12:00:00,5,9,2,3,1,1
781,1,1,1999-01-01 12:00:00,2,9,2,1,2,2
782,2,2,1999-01-01 12:00:00,2,9,9,3,1,1
783,1,3,1999-01-01 12:00:00,3,2,2,1,2,2
784,2,1,1999-01-01 12:00:00,3,9,2,1,2,3
785,1,2,1999-01-01 12:00:00,6,9,2,1,2,1
786,2,3,1999-01-01 12:00:00,1,1,3,2,3,2
787,1,1,1999-01-01 12:00:00,1,2,2,2,3,2
788,2,2,1999-01-01 12:00:00,6,9,4,1,1,3
789,1,3,1999-01-01 12:00:00,4,1,6,1,1,2
790,2,1,1999-01-01 12:00:00,5,2,9,2,2,3
791,1,2,1999-01-01 12:00:00,1,9,2,2,2,2
792,2,3,1999-01-01 12:00:00,4,1,1,2,1,3
793,1,1,1999-01-01 12:00:00,3,1,3,2,3,1
794,2,2,1999-01-01 12:00:00,1,1,10,2,1,3
795,1,3,1999-01-01 12:00:00,4,2,4,3,2,2
796,2,1,1999-01-01 12:00:00,5,9,8,2,1,2
797,1,2,1999-01-01 12:00:00,4,2,7,2,2,2
798,2,3,1999-01-01 12:00:00,6,2,9,2,4,1
799,1,1,1999-01-01 12:00:00,3,1,9,1,2,2
800,2,2,1999-01-01 12:00:00,4,1,2,2,1,3
801,1,3,1999-01-01 12:00:00,3,2,9,3,3,2
802,2,1,1999-01-01 12:00:00,6,9,1,3,1,2
803,1,2,1999-01-01 12:00:00,3,2,9,3,2,1
804,2,3,1999-01-01 12:00:00,3,10,10,1,2,2
805,1,1,1999-01-01 12:00:00,3,6,9,3,1,1
806,2,2,1999-01-01 12:00:00,6,4,4,2,2,3
807,1,3,1999-01-01 12:00:00,2,2,2,1,2,3
808,2,1,1999-01-01 12:00:00,2,2,10,2,2,2
809,1,2,1999-01-01 12:00:00,5,1,9,1,3,2
810,2,3,1999-01-01 12:00:00,5,9,1,3,3,2
811,1,1,1999-01-01 12:00:00,3,1,9,3,1,2
812,2,2,1999-01-01 12:00:00,2,1,7,3,1,2
813,1,3,1999-01-01 12:00:00,3,10,10,1,1,2
814,2,1,1999-01-01 12:00:00,6,5,5,3,1,2
815,1,2,1999-01-01 12:00:00,6,9,2,1,1,2
816,2,3,1999-01-01 12:00:00,3,3,6,1,2,2
817,1,1,1999-01-01 12:00:00,2,2,8,1,2,3
818,2,2,1999-01-01 12:00:00,4,2,9,2,2,2
819,1,3,1999-01-01 12:00:00,1,9,4,1,3,4
820,2,1,1999-01-01 12:00:00,5,2,1,2,3,1
821,1,2,1999-01-01 12:00:00,2,2,5,2,1,3
822,2,3,1999-01-01 12:00:00,1,10,1,3,3,1
823,1,1,1999-01-01 12:00:00,6,1,1,2,1,1
824,2,2,1999-01-01 12:00:00,6,1,2,1,1,2
825,1,3,1999-01-01 12:00:00,4,2,10,3,2,2
826,2,1,1999-01-01 12:00:00,5,1,9,1,1,1
827,1,2,1999-01-01 12:00:00,4,1,7,3,1,1
828,2,3,1999-01-01 12:00:00,1,9,2,2,2,2
829,1,1,1999-01-01 12:00:00,1,10,7,2,1,2
830,2,2,1999-01-01 12:00:00,5,9,2,1,1,2
831,1,3,1999-01-01 12:00:00,1,9,6,2,2,2
832,2,1,1999-01-01 12:00:00,1,2,2,3,2,2
833,1,2,1999-01-01 12:00:00,3,9,8,1,2,2
834,2,3,1999-01-01 12:00:00,5,9,2,2,3,2
835,1,1,1999-01-01 12:00:00,4,10,10,1,1,1
836,2,2,1999-01-01 12:00:00,5,9,3,2,3,2
837,1,3,1999-01-01 12:00:00,4,1,2,1,1,1
838,2,1,1999-01-01 12:00:00,3,2,1,2,2,2
839,1,2,1999-01-01 12:00:00,5,1,1,1,3,2
840,2,3,1999-01-01 12:00:00,1,1,7,2,2,2
841,1,1,1999-01-01 12:00:00,5,2,9,2,2,3
842,2,2,1999-01-01 12:00:00,6,4,4,2,2,3
843,1,3,1999-01-01 12:00:00,5,2,7,3,3,2
844,2,1,1999-01-01 12:00:00,6,1,10,1,1,2
845,1,2,1999-01-01 12:00:00,1,2,2,2,2,2
846,2,3,1999-01-01 12:00:00,1,9,2,2,2,1
847,1,1,1999-01-01 12:00:00,2,1,9,1,1,3
848,2,2,1999-01-01 12:00:00,2,2,1,3,2,3
849,1,3,1999-01-01 12:00:00,4,1,4,3,1,2
850,2,1,1999-01-01 12:00:00,5,2,6,2,2,4
851,1,2,1999-01-01 12:00:00,6,2,10,2,2,1
852,2,3,1999-01-01 12:00:00,5,2,2,2,1,3
853,1,1,1999-01-01 12:00:00,2,2,2,2,2,1
854,2,2,1999-01-01 12:00:00,5,2,9,1,3,3
855,1,3,1999-01-01 12:00:00,4,1,1,1,3,3
856,2,1,1999-01-01 12:00:00,5,1,6,1,3,2
857,1,2,1999-01-01 12:00:00,3,1,1,2,1,2
858,2,3,1999-01-01 12:00:00,3,5,5,2,3,2
859,1,1,1999-01-01 12:00:00,1,1,7,3,1,2
860,2,2,1999-01-01 12:00:00,4,2,1,2,3,1
861,1,3,1999-01-01 12:00:00,2,9,4,1,2,1
862,2,1,1999-01-01 12:00:00,2,4,1,2,2,2
863,1,2,1999-01-01 12:00:00,1,2,2,2,2,1
864,2,3,1999-01-01 12:00:00,1,9,1,2,2,3
865,1,1,1999-01-01 12:00:00,4,2,9,2,2,3
866,2,2,1999-01-01 12:00:00,4,9,2,2,2,2
867,1,3,1999-01-01 12:00:00,4,9,8,1,2,2
868,2,1,1999-01-01 12:00:00,2,2,2,2,3,1
869,1,2,1999-01-01 12:00:00,6,9,9,3,4,3
870,2,3,1999-01-01 12:00:00,4,9,1,2,2,2
871,1,1,1999-01-01 12:00:00,1,1,1,3,1,2
872,2,2,1999-01-01 12:00:00,3,2,2,2,2,2
873,1,3,1999-01-01 12:00:00,3,1,9,2,3,1
874,2,1,1999-01-01 12:00:00,4,2,3,4,2,1
875,1,2,1999-01-01 12:00:00,4,2,1,4,1,2
876,2,3,1999-01-01 12:00:00,6,10,10,2,2,2
877,1,1,1999-01-01 12:00:00,5,2,10,2,2,2
878,2,2,1999-01-01 12:00:00,3,2,1,2,3,2
879,1,3,1999-01-01 12:00:00,6,4,2,2,2,1
880,2,1,1999-01-01 12:00:00,2,1,9,1,1,2
881,1,2,1999-01-01 12:00:00,6,10,10,3,2,2
882,2,3,1999-01-01 12:00:00,1,1,1,1,1,2
883,1,1,1999-01-01 12:00:00,4,2,3,2,2,2
884,2,2,1999-01-01 12:00:00,3,6,1,1,2,1
885,1,3,1999-01-01 12:00:00,3,10,1,2,2,1
886,2,1,1999-01-01 12:00:00,5,9,6,2,1,1
887,1,2,1999-01-01 12:00:00,6,2,9,1,1,2
888,2,3,1999-01-01 12:00:00,2,9,2,2,2,2
889,1,1,1999-01-01 12:00:00,5,9,1,2,1,2
890,2,2,1999-01-01 12:00:00,4,1,9,1,1,2
891,1,3,1999-01-01 12:00:00,3,2,2,2,2,3
892,2,1,1999-01-01 12:00:00,1,10,1,2,1,1
893,1,2,1999-01-01 12:00:00,6,1,10,1,1,3
894,2,3,1999-01-01 12:00:00,2,1,1,2,1,2
895,1,1,1999-01-01 12:00:00,4,9,2,1,2,1
896,2,2,1999-01-01 12:00:00,1,10,9,2,2,3
897,1,3,1999-01-01 12:00:00,3,4,2,3,2,4
898,2,1,1999-01-01 12:00:00,2,2,1,1,1,3
899,1,2,1999-01-01 12:00:00,2,9,9,2,2,2
900,2,3,1999-01-01 12:00:00,1,1,6,2,2,1
901,1,1,1999-01-01 12:00:00,2,9,2,3,2,2
902,2,2,1999-01-01 12:00:00,5,2,9,3,2,1
903,1,3,1999-01-01 12:00:00,2,1,9,1,4,1
904,2,1,1999-01-01 12:00:00,5,9,10,1,1,1
905,1,2,1999-01-01 12:00:00,5,1,1,3,1,2
906,2,3,1999-01-01 12:00:00,2,9,1,1,4,2
907,1,1,1999-01-01 12:00:00,3,2,3,3,1,3
908,2,2,1999-01-01 12:00:00,4,9,9,1,1,3
909,1,3,1999-01-01 12:00:00,1,1,6,4,1,2
910,2,1,1999-01-01 12:00:00,1,1,9,1,1,1
911,1,2,1999-01-01 12:00:00,3,1,1,1,3,3
912,2,3,1999-01-01 12:00:00,1,9,9,2,1,2
913,1,1,1999-01-01 12:00:00,3,1,1,1,2,2
914,2,2,1999-01-01 12:00:00,3,1,1,1,1,2
915,1,3,1999-01-01 12:00:00,5,1,9,4,1,2
916,2,1,1999-01-01 12:00:00,5,1,2,1,1,1
917,1,2,1999-01-01 12:00:00,2,2,2,2,2,1
918,2,3,1999-01-01 12:00:00,1,9,1,2,1,2
919,1,1,1999-01-01 12:00:00,1,2,2,2,2,2
920,2,2,1999-01-01 12:00:00,6,3,3,2,2,2
921,1,3,1999-01-01 12:00:00,3,2,9,2,2,2
922,2,1,1999-01-01 12:00:00,2,2,2,2,3,2
923,1,2,1999-01-01 12:00:00,3,1,1,2,1,3
924,2,3,1999-01-01 12:00:00,1,1,1,1,2,1
925,1,1,1999-01-01 12:00:00,6,2,2,2,2,1
926,2,2,1999-01-01 12:00:00,5,2,9,2,3,2
927,1,3,1999-01-01 12:00:00,6,9,1,1,2,1
928,2,1,1999-01-01 12:00:00,4,1,1,1,4,2
929,1,2,1999-01-01 12:00:00,3,2,2,2,1,3
930,2,3,1999-01-01 12:00:00,6,9,2,1,2,2
931,1,1,1999-01-01 12:00:00,1,10,2,3,2,2
932,2,2,1999-01-01 12:00:00,4,2,2,1,1,2
933,1,3,1999-01-01 12:00:00,3,2,2,3,2,2
934,2,1,1999-01-01 12:00:00,6,1,1,2,1,1
935,1,2,1999-01-01 12:00:00,2,1,10,1,1,2
936,2,3,1999-01-01 12:00:00,4,9,9,2,3,2
937,1,1,1999-01-01 12:00:00,4,1,2,2,1,2
938,2,2,1999-01-01 12:00:00,3,1,1,2,1,1
939,1,3,1999-01-01 12:00:00,2,2,6,3,3,3
940,2,1,1999-01-01 12:00:00,3,1,9,3,1,2
941,1,2,1999-01-01 12:00:00,4,9,3,1,1,1
942,2,3,1999-01-01 12:00:00,6,2,7,2,1,1
943,1,1,1999-01-01 12:00:00,1,2,9,2,3,2
944,2,2,1999-01-01 12:00:00,5,2,9,2,2,2
945,1,3,1999-01-01 12:00:00,3,9,1,2,2,2
946,2,1,1999-01-01 12:00:00,6,1,9,1,1,3
947,1,2,1999-01-01 12:00:00,3,9,9,1,2,2
948,2,3,1999-01-01 12:00:00,5,9,1,1,2,1
949,1,1,1999-01-01 12:00:00,5,1,1,1,2,1
950,2,2,1999-01-01 12:00:00,2,10,9,2,1,1
951,1,3,1999-01-01 12:00:00,5,1,10,1,2,2
952,2,1,1999-01-01 12:00:00,2,9,9,1,2,1
953,1,2,1999-01-01 12:00:00,1,2,9,1,2,3
954,2,3,1999-01-01 12:00:00,3,2,8,1,2,2
955,1,1,1999-01-01 12:00:00,2,9,5,2,1,3
956,2,2,1999-01-01 12:00:00,6,1,5,1,1,2
957,1,3,1999-01-01 12:00:00,1,9,9,2,1,3
958,2,1,1999-01-01 12:00:00,3,2,2,2,3,2
959,1,2,1999-01-01 12:00:00,1,1,9,1,3,1
960,2,3,1999-01-01 12:00:00,6,1,3,2,1,2
961,1,1,1999-01-01 12:00:00,5,10,9,1,1,3
962,2,2,1999-01-01 12:00:00,5,1,1,1,1,4
963,1,3,1999-01-01 12:00:00,5,9,9,2,2,2
964,2,1,1999-01-01 12:00:00,6,9,4,1,3,2
965,1,2,1999-01-01 12:00:00,1,10,9,1,3,1
966,2,3,1999-01-01 12:00:00,2,2,9,1,2,4
967,1,1,1999-01-01 12:00:00,3,10,9,1,2,3
968,2,2,1999-01-01 12:00:00,5,9,1,2,2,2
969,1,3,1999-01-01 12:00:00,4,1,2,3,1,3
970,2,1,1999-01-01 12:00:00,4,7,7,1,2,2
971,1,2,1999-01-01 12:00:00,3,7,7,2,1,3
972,2,3,1999-01-01 12:00:00,6,9,1,1,4,2
973,1,1,1999-01-01 12:00:00,1,1,4,2,1,3
974,2,2,1999-01-01 12:00:00,5,9,1,1,3,1
975,1,3,1999-01-01 12:00:00,2,1,8,2,3,1
976,2,1,1999-01-01 12:00:00,5,9,1,3,2,2
977,1,2,1999-01-01 12:00:00,2,1,1,2,3,2
978,2,3,1999-01-01 12:00:00,3,1,1,1,4,4
979,1,1,1999-01-01 12:00:00,5,1,5,1,4,2
980,2,2,1999-01-01 12:00:00,5,9,9,1,1,3
981,1,3,1999-01-01 12:00:00,4,1,2,1,1,3
982,2,1,1999-01-01 12:00:00,1,4,8,2,3,2
983,1,2,1999-01-01 12:00:00,3,2,2,2,2,2
984,2,3,1999-01-01 12:00:00,6,1,9,2,3,2
985,1,1,1999-01-01 12:00:00,1,10,10,2,2,2
986,2,2,1999-01-01 12:00:00,5,2,2,2,2,3
987,1,3,1999-01-01 12:00:00,6,2,2,3,2,2
988,2,1,1999-01-01 12:00:00,2,1,1,1,1,2
989,1,2,1999-01-01 12:00:00,1,2,2,4,3,3
990,2,3,1999-01-01 12:00:00,4,4,9,1,2,2
991,1,1,1999-01-01 12:00:00,2,10,9,1,1,1
992,2,2,1999-01-01 12:00:00,3,2,2,3,3,2
993,1,3,1999-01-01 12:00:00,5,2,2,2,3,3
994,2,1,1999-01-01 12:00:00,5,1,2,2,3,2
995,1,2,1999-01-01 12:00:00,4,1,5,1,1,1
996,2,3,1999-01-01 12:00:00,1,1,5,1,3,2
997,1,1,1999-01-01 12:00:00,3,2,1,2,1,2
998,2,2,1999-01-01 12:00:00,4,2,9,2,1,3
999,1,3,1999-01-01 12:00:00,6,2,9,2,2,2
1000,2,1,1999-01-01 12:00:00,5,2,2,2,2,3
