,"全国","北海道","青森","岩手","宮城","秋田","山形","福島","茨城","栃木","群馬","埼玉","千葉","東京","神奈川","新潟","富山","石川","福井","山梨","長野","岐阜","静岡","愛知","三重","滋賀","京都","大阪","兵庫","奈良","和歌山","鳥取","島根","岡山","広島","山口","徳島","香川","愛媛","高知","福岡","佐賀","長崎","熊本","大分","宮崎","鹿児島","沖縄"
"学校数",20004,1076,304,341,393,213,261,453,526,380,323,816,810,1298,855,484,194,220,195,181,367,374,510,980,374,225,386,1006,765,202,242,133,209,397,487,296,178,165,285,193,745,164,344,362,276,239,510,267
"児童数",1061264,42068,10890,10799,19844,7669,9470,16434,25382,17409,17843,61669,52319,90409,74554,18763,9173,10271,7002,7133,18553,18743,32301,67353,15998,13434,20680,73011,48499,11612,8072,5014,5657,16722,24476,11540,6009,8542,12001,5663,43375,7666,12023,15700,9803,9944,14599,15173
"国語1",97.5,97.3,98.7,98,98.3,98.4,98.3,97.7,98.1,97.6,98.1,97.5,97.8,97.6,96.4,98.4,98.2,98.1,98.3,97.6,98.1,97.4,97.6,96.6,97.5,97.4,97.5,97.3,97.5,97.8,97.6,97.9,97.1,97.7,98.3,98.2,97.3,98.6,97.2,98,97.3,98.1,97.3,97.5,97.9,98,97.2,96.7
"国語2",96,96.3,97.6,96.5,95.3,97.8,96.6,96.5,96.2,95.5,96.1,95.9,95.1,96.3,95.3,96.1,97.3,98,98.7,96.3,97.1,96,95.9,94.3,96.1,95.1,96.4,95.7,96.2,96,96.6,96,94.8,95.8,96.8,96.5,96,94.5,95.7,96.1,96.8,96.7,95.3,96.4,96.9,96.6,97.3,95.3
"国語3",92.5,91.2,95.3,93.4,96.9,93.9,93.6,93.5,93.9,91.4,93.3,92,93.2,93.2,90.2,94.3,92.8,93.7,93.8,89.2,92,89.5,90.2,91.1,91.5,93.5,92.3,92.7,93.5,94.3,91.7,97.5,96,93,96,94.6,90.2,97.1,90.1,97.5,92.1,96,92.4,91.3,91.9,95,89.3,91.9
"国語4",58.4,57.2,69,72.5,58.3,67,62.8,66.5,61.6,59.4,66.1,54,56.2,58.6,52.2,71.6,63.6,65.7,69.1,55.3,59.7,52.8,60.9,48.1,57.7,58.4,61.6,56.2,59.3,61.4,59.2,57.6,56,62.3,62.8,67.8,56,68.9,54,72,58.4,63.9,54.6,58.5,58.3,62.9,58.7,59
"国語5",76.5,73.8,83.3,79.2,79.4,82.6,81.5,81.8,79.9,77.6,80.1,75.1,81.8,79.2,69.4,79.6,78.9,77.2,79.4,73.7,75.9,73.8,80.4,71.6,73.5,74.2,76.5,74,77.7,79,74.5,81.1,80.3,74.4,81.1,77.4,74.3,75.6,78.6,83,75.6,78.1,75.2,76.4,80.8,80.4,74.9,71.9
"国語6",74.9,69.3,82.4,74.6,80.1,82.5,78.2,76.9,78.6,73.9,77.5,72.7,76,76.4,66.2,77.5,80.4,78.7,76.2,67.4,69.3,72.8,75.5,70.3,71.2,76.2,77.5,74.3,78.6,77.7,74,84.3,79.8,76.6,81.9,79.3,71.8,84.9,79.5,83,73.6,78.6,76.6,78.6,78.6,81.1,74.2,73.1
"国語7",53.1,47.8,71.7,68.1,48,69.5,57.8,60.7,51.9,52.7,59.1,50,51.7,55.3,49.4,63.3,66.6,71.1,63.9,52.1,57.8,43.9,63.3,46.3,51.5,48.9,60.5,46.7,50.6,54.5,54.6,54.1,51.4,51.1,60.9,51.8,55.3,48.3,49.3,65.8,52.4,52.9,49.3,53.4,59.7,59.1,40.2,56.3
"国語8",71.7,68.5,78.5,74.6,68.2,75.5,70.6,72.5,71,70.4,72.4,69.6,73.3,74.9,71.7,76,73.8,74.6,77.1,71.3,72.5,66.5,73.3,67.6,68.3,68.3,74.1,68.1,71.1,71.8,72.2,71.8,71.1,70.5,76.5,74.3,72.4,75.5,71.6,76,72.7,73.6,72.4,74.2,72.8,76.7,71.1,71.9
"国語9",53,47.4,52.1,55.4,49.2,60.3,44.1,44.9,53.3,47.1,49.8,52.6,52.8,57.4,55,47.4,56,58.7,54,54,55.3,57.3,55.8,49.9,51.7,50.9,57.3,48.9,54.7,53.1,51.7,53.8,50.6,54.4,58,56,52,56.9,52.5,51.1,56.3,50.9,53.9,52.5,57.1,53.1,50.2,50.3
"国語10",86,84,86.4,85.6,87.1,89.4,83.8,85.1,87.2,86.6,85.2,85.5,86.6,87.7,86.5,85.6,86.5,89.5,87.8,85.5,87.3,85.6,86,83.9,85.9,86.6,86,85.8,86.1,86.4,84.7,88.2,84.8,84.2,88.4,87.3,83.4,86.9,84.3,86.3,85.7,84.8,86.1,85.9,85.6,85.6,83.4,86.5
"国語11",59.5,57.9,62.9,62.1,56.7,68.4,58.1,58.3,60.8,57.5,58.6,58.7,59.7,63.9,60.5,61.2,64.1,64,62.7,60,61.9,59.3,61.8,56.1,57.9,58.3,62.1,55.8,58,58.5,58.9,58.8,54.8,57,63.1,60.5,57.7,59.1,59.5,56.6,59.8,56.7,56.9,58.2,60.2,58.7,60.2,60
"国語12",19.8,22.2,20.5,16.8,16.7,24.5,21.1,17.4,21.2,16.4,19.3,16.6,33,25.4,18.8,25.5,17.3,20.8,21.5,17.5,14.2,16.9,21.5,14.9,15,16.1,21.8,16.9,18.5,17.8,21,18.1,13,15.2,22.1,21.6,16.4,21.8,24.8,21.3,15.5,15,20.2,18.1,17.7,21.2,19.2,22.4
"国語13",67.5,66.1,70.8,69.2,66.7,73.5,64.4,66.5,68.1,65.4,66.3,67,68.5,71.2,67.1,70.4,69.3,71.4,71.4,65.7,68.2,65.6,68.6,66.9,65,66,70,64.5,66.9,67.1,66.4,68.1,65,65.9,70.6,67.9,64.8,68.9,67.1,68.1,67.7,66.2,64.6,66.7,68.4,66.1,65.5,64.6
"国語14",73.9,74,81.8,77.7,72.9,81.2,77.3,75.4,75.4,73.8,73.6,74.1,74.8,75.6,72.2,78.4,75.6,79.9,79.5,73,75.6,72.3,72.9,74.2,69.7,70.1,75.8,69.5,72.7,71,69.9,74.3,74.9,70.6,76.5,76,71.6,74.8,75.1,72.9,72.8,74.4,70.7,74.9,74.4,74.9,76.3,69.6
"国語15",74.6,72.8,76.1,77.4,75,81.2,73,71.5,75.1,73.4,72.9,72.7,73.7,76.5,74.9,76.3,77,79,78.3,73.3,74.1,74.7,73.9,74,73.1,73.8,77.4,72.2,75.1,75.9,72.5,76.1,76.1,73.5,78.3,75.8,74.5,77.7,74.8,74.1,74.7,74.7,73.3,72.8,76.9,74.8,73.1,74.3
"国語16",70.8,69,72.9,72.4,71.4,76.6,68.4,68.1,71.8,67.4,68.7,69.1,71.8,74.2,71.9,74.2,72.9,75.5,72.8,70,72.3,70.6,71.6,70.4,68.1,68.5,72.3,68.1,71.5,71.3,65.7,73.2,72.1,68.3,74.1,71.6,69,74.4,71.2,69.1,69.2,67.7,68.1,68.9,71,67,68.8,70.2
"国語17",34.7,33.1,38.9,40,30.5,53.3,31,34,35.6,31.5,31.7,33.8,32.4,36.6,33.9,34.1,41.9,50.2,45.1,34.6,36.3,36.5,39.9,30,35.6,32.2,37.9,30,33.6,34.4,35.1,33.1,31.9,34,41.4,36.8,36.7,39.8,37.8,37.6,34.5,35.1,33.7,30.6,34.7,32,38.4,37.9
"国語18",75.5,74.3,79.3,76.2,73.4,82.3,72.2,74.2,75.8,73.7,75.5,75.7,75.8,76.6,74.6,74.7,78.5,79.1,79.7,75.5,75.9,75,76.8,74.9,75.1,72.8,77.3,74,76.6,76.4,76.4,74.6,73.2,74.7,77.3,76.1,76.4,77.9,76.8,75.3,75.4,74.4,75.2,73.8,74.9,75.2,75.2,75.2
"国語19",86,84.3,89.5,87.2,84.7,91.8,83.9,85.8,86.4,84.3,85.7,85.5,86,86.4,84.8,87,88.2,90.1,89.9,86.4,87.2,85.1,87.1,84.6,86.4,84.7,86.8,85.1,86.7,86.3,86.1,86.7,84.7,85.5,88.2,87.2,85.5,88.4,87.3,86.7,86.2,86.1,85.6,85.9,86.7,85.3,86.6,87.6
"国語20",78.4,77,84.4,81.3,75.6,89.3,78.4,80.1,80.6,76.3,77.9,77.3,76.9,78.2,77,80.9,83.9,86.3,85.9,79.1,80.6,78.1,81.4,75.6,78.2,76.3,80.1,75.3,77.8,76.6,76.6,79.5,75.8,78.7,82,80.9,78.7,82.3,81.5,81.1,79.8,78.4,77.8,77.5,80.9,78.9,78.5,80.8
"国語21",41.6,37.7,47.2,42.7,38.6,59.1,38.4,39.7,45.4,38.5,38.3,39.3,42,43.2,40.9,44.4,48.5,55.3,51.1,39.4,40,42.4,44.5,37.1,43.9,40.3,43.4,38.6,41.3,40.2,39.1,45.3,38.3,39.9,48,46,44.8,47.7,46.2,44.9,42.1,38.7,40.5,38.4,43.3,37,40.5,46
"国語22",60.4,58.2,65.1,63.7,58.6,71.5,59.9,61.6,62.5,58.9,60.5,58.1,59.2,62.5,58.7,62.2,66,69.9,67.6,59.2,62,61.3,62.9,57.7,61.5,58.8,61.9,58.2,60,58.7,61.4,61.7,56.9,60.1,63.9,62.4,60.3,61.9,62.3,61.3,59.4,59.6,57.8,60.3,62.4,58.2,59.5,62.5
"国語23",66.6,60.6,75.1,70.3,67.1,82.8,67.3,72.9,71.3,64.2,67.1,65.9,62.4,64.7,62.2,71,74.2,76.6,78.6,65.4,68.9,69.2,72,63,65.6,65.7,70.2,62.4,66.7,63,67.3,71,65.2,65.6,74,70.6,69.2,75.5,71.5,72.6,64.8,66.9,65.3,67.8,69.5,67.9,71.6,71.4
"数学1",71,69.4,74.4,75.4,70.9,84.9,66.9,72.7,74.7,69.4,70.8,69.8,66.4,74.4,70.4,71.9,77.7,82,77.3,71.5,69.1,69.9,76.9,62.7,73.5,67.8,73.3,70.9,68.2,70.1,71.4,66.4,64.9,73.7,75.7,75.9,68.9,66,67.5,81.4,70.2,67.8,71.4,69.5,73.9,66.1,73.3,81.7
"数学2",74.3,70.5,75.8,74.5,74.7,76.8,71.2,72.3,72.4,71.1,73.1,72.4,74.1,76.9,73.8,73.2,77.6,79.4,77.9,73,73.7,70.6,71.5,75.7,73.3,71.5,78.3,75,76.9,75.4,76,74.2,72.3,74.2,75,75.8,76.4,76.2,76.3,76.3,74.1,73.5,74.5,74.8,77.5,73.6,69.3,73.2
"数学3",82,82.1,81.4,83.1,82.8,87.8,81.9,81,82.8,81.3,82.9,83,82.3,85.3,83.9,81.7,86.8,84,81.8,84.6,79.3,79.9,85,77.7,82.9,80.4,82.2,83.5,82,85.4,80,78.3,77.9,77.4,84.1,79.7,77.2,75.9,77.3,84.8,79.2,79.6,81.1,79.2,83.5,76.3,82.3,78.8
"数学4",98.2,98.2,98.8,98.2,98.2,98.7,98,98.2,98.2,98.4,98.1,97.7,98,98.1,98,98.3,98.6,98.8,98.7,98.1,98.4,98,98.4,97.9,98.3,98,98.5,98.3,98.4,98.1,98.5,98.4,98.1,98.4,98.3,98.5,98.7,98.2,98.3,98.5,98.4,98.1,98.2,98.3,98.4,98,98,98.7
"数学5",69.5,68.5,74.3,72.9,70.1,81.4,63.3,70.4,74.4,68.5,66.9,66.1,64.1,71.1,67.4,68.9,73.6,78.3,76,69.2,67.9,71.4,75.2,63.2,70.9,69.4,75.2,69.5,68.1,69.7,72.1,65.9,62.3,74.2,74,75.6,70,66.6,67.6,79.4,68,66.6,69.4,68,72.7,65.8,69.7,80.9
"数学6",81.4,77.6,85.3,81.7,79,87.9,81.2,80.4,83.1,81,82.2,80.5,80.4,81.4,79,83.8,84.7,85.6,85.1,78.2,78.6,83.9,84.1,80,81.9,81.2,83.5,81.9,83.5,82.9,82.9,80.3,80.1,81.3,82.7,82.9,81.6,80.5,81.8,85.4,81.5,81.5,80.3,81.2,82.8,79.2,82.3,83
"数学7",84.2,72.7,90.9,85.6,81.7,90.3,86.1,84.3,82,84.9,85.6,82.3,85,82.9,76.8,91.3,90.1,89.5,91,79.3,86.1,83.4,86.7,85.5,83.4,82.7,89.2,83.4,86.9,84.9,87.3,88.3,88.1,87.8,86.3,88.7,85.6,86.4,85.6,87.6,86.8,87.5,81.1,86.6,88.3,86.9,88.4,85.7
"数学8",74.8,71.7,76.1,74.2,71.4,77.8,71,70.6,72,72.7,71.6,72.2,76.2,77.2,76,75.6,76.3,78,78.9,74.1,76,71.5,73.7,78.3,72.6,72.2,77.1,73.7,77.1,74.1,76.1,75.5,72.2,74.1,74.2,76.8,76.5,76.7,77.1,72.6,74.9,72.9,72.5,74.6,73.6,74.4,73.2,76.9
"数学9",81.3,76.5,87.2,82.6,83.8,85.9,80.8,81.3,77.6,79.5,82.7,79.4,81.9,83.7,78.5,85.1,83.5,85.7,85.4,81,83.4,75.9,82.3,80.1,79.7,77.6,84,78.9,80.9,80.6,82.5,83.5,82,82.3,87,85.6,79.1,81.6,81,81.2,81.3,83.6,81.7,83.8,84.1,81.6,81.3,83.4
"数学10",58,51.4,65.9,55.2,56,71.1,55.4,54.7,56.4,52.4,58.1,54.4,58.4,60,55.6,63.4,65,65.7,64.5,56.9,58.5,50.4,62.5,56.8,56.5,56,61.6,56.4,57.7,57.9,61.7,59.2,54.8,61.7,69.4,64.1,55.1,57.1,58.4,58.2,56.4,58.7,56.7,59.8,59,57.1,58.4,63.4
"数学11",50.6,48.9,51.1,51.8,48.8,55.7,46.5,49.3,56.7,50.2,49.6,46.4,49.7,57,52.8,49.7,50.7,54.9,52.7,49,48.4,57.8,51.9,46.6,49.5,47.7,50.5,49.9,48.7,50.6,46,46.4,44.6,47.2,53.8,47.6,51,50,49,51.5,49.6,48.1,47.6,51.2,51.1,46,53,56.8
"数学12",64.5,62.2,67.7,56.7,60.9,68.8,58.6,57.8,65.3,64,62.4,59.3,66.1,70.2,63.7,71.1,63.6,67.8,67.4,61.5,65.1,60.6,71.1,61.6,63,57.7,68.3,67.5,64.1,69.2,63.3,64.4,56.7,61.3,65.5,62.4,65,60.3,63.6,63.8,62.5,61.4,60.4,62.3,67.6,62.8,71.7,65.9
"数学13",75.4,73.6,78.2,75.1,74.1,81.1,73.7,76.1,73.9,74.7,75.3,74,75,78.5,75.2,78.7,78.9,81,79.7,74,74.3,73.5,79.1,73,75.5,71.3,76.6,75.3,74.2,75.4,75.3,74.5,70.8,73.2,76.5,76.6,73.4,73.7,75.8,74.8,74.6,74.3,74.3,76.8,75.8,75.3,78.3,78.9
"数学14",67.6,65.6,70.2,69.8,65.7,72.5,66.2,67.1,67.5,66.9,68,65.7,66.8,71.2,66.8,71.5,70.3,75.7,72.8,67,67,66.2,69.1,65,66.6,63.5,68.3,66.7,67.1,66.5,67.9,67.2,64.4,67.2,69.9,70.5,65.9,66.8,68.2,67.8,67.3,67.7,67,69.3,68.5,66.6,66.7,68.7
"数学15",81.8,80.9,85.6,82.5,80.8,84.3,83,82.6,81.1,81.9,82.4,80.4,82.9,82.8,81.6,83.7,86.2,84.3,84.2,80.6,83.1,80.4,80.8,82.1,81.5,79.3,83.2,80.8,82,81.6,81,81.7,81.3,81.6,81.9,82.2,80.7,81.9,81.9,79.5,81.3,82.5,80.3,82.2,82.3,80.4,81.9,77.4
"数学16",88.1,86.2,93.6,90.8,87.4,94,90.7,90.1,88.6,85.9,88.4,86.5,88.1,87.9,85.3,91.3,91.7,93.6,93.5,87.4,90.5,87.7,86.8,88.4,87.1,86.4,91.2,85.5,87.9,85,88.2,89.4,87.4,87.8,89.2,89.9,88.5,91.3,91.9,88.9,88.2,89.9,87.4,90.4,88.7,88.9,87.2,90.3
"数学17",95.2,94.6,95.8,95.2,95.3,96.9,93.9,94.2,94.8,94.9,94.9,95,95.2,95.9,95.2,95.2,95.9,96.9,96.5,95.7,95.7,95.1,96.1,94.9,95.5,94.9,95.6,94.8,95.5,95.7,95.3,95.6,95,94.9,96.1,95.2,95.4,95.8,95.1,94.9,95,95.2,94.8,94.9,95.3,93.8,95.2,95.7
"数学18",54.6,55.4,57.2,53.8,55.6,65.4,53,51.3,58.9,59.5,56.4,51.7,53,56.5,54.3,50.7,57.3,58.6,60,53.4,53.9,57.9,59.4,52.7,55.7,53.8,55.5,51.6,55.3,55.3,54.8,53.4,54.3,51.3,56.4,54.4,58.1,54.2,56.9,53.9,53,55.8,53.7,55.7,56.3,56.3,46.5,50
"数学19",27.7,24.7,30.7,27.9,26.2,33.6,25.7,28.4,28.2,22.8,27.4,26.1,27.4,30.2,27.2,29.3,30.9,33.8,32.1,28.8,28.1,27.6,28.1,24.5,26,26.8,30.7,27,27.5,27.9,25.4,25.5,24.3,28.8,33.2,28.4,26.6,29.3,28.7,28.8,27.6,26,26.6,26.8,25.8,24.3,30.1,32.8
"数学20",64.8,61,64.7,63,62.9,69.8,58,60.4,66.4,62.2,63.4,64.5,65,66.3,64.5,63.8,68.1,69.1,67,62,63.9,64.8,66.3,65.1,65.1,64.1,66.4,65.7,66.9,65.7,65.2,64.4,63.1,64.8,65.2,65.8,65.3,65.2,64.8,63.4,64.3,63.2,63.7,63.4,64.8,63,62.2,66.4
"数学21",13.1,8.9,13.5,9.2,9.6,17.1,9.6,8.6,14.9,6.6,9.2,11.5,13.2,18.5,14.7,6.5,12.4,16.2,18.7,8.8,10.6,12.7,5.4,14.2,11.6,11.3,18.3,13.1,19.2,13.9,15,13.8,11.7,13.8,12.9,14.3,16.4,15.2,15.2,15,13.7,12.7,11.1,13.5,11,13.1,9,9.8
"数学22",51,44.7,58.6,49.9,47.4,61.4,50.7,50.1,51.6,45.6,50.3,47,51,52.4,47.9,53.4,58.4,60,63.8,47.3,54.6,47.8,49.2,53.4,48.8,47,54.8,49.7,53.8,49.9,51.7,52.2,48.3,50.8,53.6,55.6,55,55.9,58.6,50.5,50.5,49.9,49.9,52.9,52.9,49.8,48.6,53.2
"数学23",32.5,32.7,32,30.3,28.2,39.3,27.4,28.9,35.4,33.3,29.2,32.1,32.7,36.9,34.4,31.3,35.3,36.8,32.6,29.6,32.8,32.3,32.6,32.3,32.7,29.5,32.8,31.4,33.6,32.5,31.2,29.8,28.4,30.9,33.2,32.8,26.8,29.1,32,31.6,31.2,29.4,30.4,33.2,31.8,28.7,28.6,32.2
"数学24",49.1,43.7,54.3,42.5,43.7,55.3,45.4,44.4,48.8,45.3,45.7,44.5,49.1,52.6,47.7,51.4,52.2,55.4,57.7,44.5,51,48.8,51.1,50.9,45.7,47.7,52.8,49.1,53.4,49.2,50.3,51.7,44,49.1,52.4,52.1,49.7,53.6,55.4,48.3,46.4,48.1,46.3,51.3,47.4,48.3,47.6,47.7
"数学25",52.6,49.9,60.9,51.1,50.1,69.4,48.4,52,50.1,51.8,46.1,47.5,50.8,55,49.5,56.8,53.3,63.5,61.4,46,53.4,47.7,57.8,51.8,51.3,47.5,55.8,51.6,52,51.3,52.6,52,46,57.2,56.1,59.3,52.9,50.9,56.9,50.8,53.5,49.9,50.7,56.7,55.6,53.7,54.1,64.2
"数学26",62,60.5,61.4,59.2,60.1,64.5,59.3,57.7,59.7,59.9,60.3,62.7,64,65.6,63,61.1,64.8,66.2,63.3,58.8,61.5,57.7,60.8,65.2,60.4,59.8,64.1,60.5,64.3,61.4,60.5,63.2,59.4,60.2,62.4,61.3,62.9,68.1,64.9,60.3,60.9,58.8,60,60.9,60.7,57.8,56,54
"数学27",22.3,19.8,23.2,19.2,19,25.8,18.9,18,18.9,20.5,21.1,20.7,23.7,23.5,22.5,22.9,26.3,28.2,27.1,19.2,24.3,19.4,21.2,27.6,20.9,20,24.3,19.3,24.5,19.7,22,25.4,22.2,23.6,23.3,23.7,25.9,29.7,27.2,23.9,22.1,22,22,22.9,19,21.9,18.1,19
"数学28",12.5,12.2,10.9,10.2,12.2,15.8,10.6,11,12.5,11.5,11.5,11.3,11.9,14.9,13.5,11.6,12.9,15.9,14.5,10.6,11.3,11.2,13.2,12.1,12,12.5,13.7,12.5,13.4,12.9,12.2,11.9,9.6,11.9,13.7,12.6,10.5,12.8,14.2,11.5,11.5,11.5,11,12.1,11.3,11.1,10,11.8
"数学29",47.8,43.8,53.2,44.3,45.4,55.8,46.5,45.8,46.6,44.8,46.1,45.3,49.9,52.5,47.7,49.1,49.4,54.1,55.7,40.5,49.3,44.1,47.4,49.5,47,43.8,52.1,46.7,49.9,46.6,48,48.9,42.1,45.2,48.5,47.5,46,51.2,52.3,46.7,45.1,46,44.6,48.3,47.4,45.8,46,44
"理科1",77.6,76.9,80.9,78.2,76,82.7,78.9,77.1,78.7,76.5,77.1,75.5,78.6,78.6,78,76.9,84.2,83.8,82.4,75.5,78.2,78.7,76,76.2,76.7,75.7,80.3,75,79,78.2,77.2,78.9,77.8,76.4,78.7,78.4,78.5,80.4,78.8,77.6,76.4,78.1,75.4,79.5,77,77.2,79.9,77.1
"理科2",61.2,55.9,69.4,61.7,58.6,65.4,64.5,61.5,66.5,59.5,62.5,57.4,62.4,61.8,59.5,62.5,72,67.7,73.3,60.1,63.4,65.2,60.8,59.7,59.8,58.1,62.7,57.7,60,59.8,59.7,61.6,63.5,60.4,61.4,64.7,60.8,60.7,65.9,60.9,61.1,60.8,60,65.6,66.4,58.5,68.1,64.6
"理科3",62.8,60.7,68,62.9,60.3,70.4,61.3,60.1,62.5,58.8,62.8,61.6,62.9,63.5,62.2,65.8,69.6,72.9,70.5,63.2,65.5,63.7,66.3,62.4,62.3,60.8,64.8,59.7,62.2,60.2,62.5,63.6,61.4,63.5,66.4,65.9,60.5,63.5,65.2,61,62.6,61.1,60.6,63.9,64.5,60.6,60,64.2
"理科4",53.2,51.3,57.3,53.3,52.7,61.2,51.7,51.7,57,52.7,51.9,51.9,52.9,54.5,53.4,53.6,58.2,60.4,57.8,50.7,51.3,53.3,53,51.5,53.1,51.6,54.4,51.2,54,55.4,51.8,54.4,51,52.8,56.4,54.7,53.2,55.5,54.2,50.8,52.6,51.4,50.9,55.8,54.6,51.8,50.3,53.2
"理科5",72.7,70.5,76.7,72,71.4,78.7,72.1,70.7,73.3,72.4,71.8,71.7,72.7,72.1,73.3,73.1,81,78.4,75.8,71.9,73.1,71.4,73.8,71,73,73.4,73.5,72,73.6,74.6,73.8,73.6,70.9,72.6,75.7,74.5,74.1,72.6,75.1,71.7,71.4,71.4,71,73.9,72.5,71.1,71.6,72.2
"理科6",66.2,64.6,76.3,67.6,63.4,74.4,69.4,65.9,68.8,67.5,65.9,62.9,66,68.1,65.2,69.7,76.8,76.5,73.8,66.3,65.9,66.9,66.5,61.6,66,64.5,66.8,62,66,66.6,64.9,66.2,63,66.8,72.1,70.8,63.4,66.2,67.6,65.4,64.3,67.5,63,69.7,67.7,67.9,69.8,66.4
"理科7",78,74.9,88.7,80.4,68.7,82.2,84.4,81.8,88.7,81.4,80.7,71,78.7,72.1,73.8,77.7,87,85.2,89.6,79.6,76.4,73.3,72.2,77.2,82.9,72.2,82.9,75.1,78.1,81,81.8,86.7,77.2,76.7,82,87.8,78.3,84,83.4,79.2,79.2,86.5,76.9,89.2,85.7,88,84.6,86.6
"理科8",76.3,73.6,83.1,79,75.9,83.7,80.1,79.1,80.4,76.9,79.2,75.1,78.9,76.7,75.4,79.9,84,82.7,80.9,74.1,74.7,76.2,73.5,71.3,75.2,73.8,79.7,72.5,75.6,77.2,76.5,77.3,76.4,75.5,79.1,77.8,75.2,78.6,81.3,74.9,75.2,78.7,74.1,79,78.3,77.5,78.7,78.1
"理科9",69,68.6,72.9,70.4,69.5,72.4,70.3,67.6,69.7,68.6,70.8,68.5,71,72.2,69.3,70.2,73.9,72.7,71.5,68,66.2,67.4,67.2,66.8,66.9,65.5,70.8,65.7,69.8,69.9,67.5,70.6,68.3,66.3,71.2,68.4,68.6,70.8,70.4,68.9,66.9,69,65.9,71.7,68.2,69.7,69,65.8
"理科10",61.6,58.5,72.7,65.1,63.5,75.8,66.8,67.2,66.1,59.9,60.5,58.3,60.5,62.5,59.2,69.2,71.6,70.3,68.5,67.6,65.6,63.3,58.5,53.3,61.8,62.5,62.9,59.4,61.7,60.3,60.5,66.3,64,60.9,64.1,67.5,57.1,68,67.2,63.1,60.2,63.8,57.1,61.3,67.8,62.9,66.3,61
"理科11",37.9,36.2,39.5,34.6,39.3,41.6,42.3,41,40.2,38.4,45.5,35.9,37.5,41.3,37.8,40,38.5,42.4,45.8,39.3,42.2,41.2,36.8,34.5,37.3,39.3,40.9,36,37.2,35.5,36.3,39,47.5,35.9,36.8,42,35.1,37.8,45.5,42.2,31.7,30.4,34.5,38.4,37.2,38.3,37.5,33.8
"理科12",44.2,41,47.9,46.5,43,50.7,40.7,45,50.4,46,47.3,45.1,46.4,46.9,45.5,45.7,51.3,52.3,53.1,46.8,46.3,47.4,43.6,42.9,40.4,42.2,45.1,37.1,41.6,41.2,42.5,39.7,40.7,45.1,46.1,47.6,37.3,41.5,45.7,41.8,42.5,43.8,42.4,45.8,47.7,42,42.7,40.1
"理科13",81.9,82.7,84.8,83.7,82.8,85.6,83.6,82.2,83.8,80.1,82.3,81.9,82.9,84.4,82.6,84.4,84.9,85.1,84.8,79.9,82.3,80.7,81.4,80.3,80.4,78.8,84,79.7,81.5,81.5,80.4,81,79.7,80.6,82.9,80.3,78.5,80.5,81.7,81.7,80.2,80,79.6,81.9,82.2,79.5,80.4,80.5
"理科14",54,52.3,54.5,53.8,50.7,55.2,51,50.3,53.3,52.6,52.3,52.3,55,58.1,56.2,55.5,56.9,58.7,58.3,51.7,54.2,53.3,54.2,51.7,51.7,51.8,54.6,52.3,54.7,55.8,50.5,52.4,50.8,53.1,57.9,57.9,51.7,50.2,52.1,51.6,52.4,55,52.5,55,54.2,52.8,58.2,55.2
"理科15",51.7,51.7,52.2,53.1,47.6,57,49.8,47,49.9,51.3,48.6,50.8,53.4,55.9,53.8,53.1,54.8,53,55.2,48.7,53.8,50.5,51,51.1,49.5,47.5,52,49.1,51.7,54,49,47.7,47.2,48.6,53.9,55.7,48.3,49.2,49.6,49.2,50.4,52.1,50.8,50.9,53.6,50.9,56.4,49.1
"理科16",70.7,82.7,81.2,71,68.8,80.5,79.9,67.4,78.4,58.9,72.3,67.5,78.7,69.5,65.1,79.7,84.8,77.5,79.9,65.2,74.4,71.8,74.7,76.9,60,61.3,64.4,57.4,61.5,52.9,56.2,62.7,75.5,71.8,73.7,66.7,84.2,77.7,82.8,73.3,74.9,73.7,76.6,72,80.4,61,86.8,62.4
"理科17",51.7,53.3,60.4,49.3,50.8,56.8,55.2,48.8,54.3,48.9,56.4,51.6,51.1,52.8,50.3,56.4,62,54.3,59.9,52.2,53.4,51.1,52.4,54.4,47.1,46.2,52.3,47.2,48,46.7,47,48.6,49.3,49.9,53.6,50.5,52.1,55.5,61.4,51.5,50.7,52.9,50,54.9,54.4,49.7,55.5,45.8
"理科18",28.9,24.3,33.4,25.6,27.3,35.3,28.5,27.8,30,26,27.8,25.4,31.5,33.1,29.6,31,44.1,36,33.6,26.7,25.1,24.5,27.5,28.9,28.3,24.6,31,27.1,30.3,28.1,27.4,25.5,21.9,25.3,28.8,31.9,25.3,32.5,32.8,31.4,27.3,27.2,26.9,30.5,29.6,26.3,32.7,23.8
"理科19",41,36.6,44.4,42.2,40.4,46.2,41.2,43.5,48.7,43.3,45.5,40.2,40.6,42.7,39.3,41.1,45.5,51.6,47.5,44.5,40.3,42.7,41.2,40.1,38.6,36.9,39.9,37.1,40,39.8,39,37.3,36.2,41.3,43.7,41.5,40.1,43.9,41.6,41.6,39.4,42.2,38.5,41.8,42.2,41.2,45.4,39.1
"理科20",56.1,52.6,58.7,58.1,56.4,60.6,56.5,59,63.5,58,55.6,54.3,57.2,57.7,56.4,55.1,56.4,60.7,63.4,56.5,57.6,57.3,57.9,56.4,54.5,54.2,56.5,52.5,56.6,56.6,52.9,53.4,54.3,54.8,59.9,54.6,50.9,57.5,54.2,54.3,54.2,53.9,53.6,55.1,56.8,53,61.7,49.9
"理科21",55.3,52,58.7,55.3,54.9,54.3,52,54.1,57.7,59.1,54,56.9,56.8,59.2,57.7,53.7,55.6,54,53.2,53.5,54.4,52.2,53.3,52.7,55.4,55.1,57.3,52.5,56.8,60.4,55.8,55.1,52.7,54.9,54.9,56.4,54.6,56,56,50.5,53.2,55.8,53.5,55.8,52.3,58.1,55.3,47.4
"理科22",65,62.6,64.4,63.8,64.6,69,63.1,62.8,65.3,63.3,65.1,64.8,66.8,67.5,66.9,64.1,66.3,67.3,69.8,65.2,63.8,63.8,65.4,65.7,63.9,63.8,67.3,64,66.3,65.4,62.8,61.9,63.5,64.9,66.2,63.4,62.5,66.2,63.9,61.7,63.4,63.3,62,63.4,65.8,60.1,62.2,59.4
"理科23",58.5,56.8,78.7,64.6,59.1,71.3,61,59.6,68.3,56.5,59.8,55.5,57.5,61.9,55.8,71,73,69,66.6,59,59.2,58.7,55,52,52.9,48.5,63.4,50.4,55.9,54.7,56.9,55.4,58.1,56.4,64.7,60.9,59.2,59.8,70.2,61.1,55.7,61.9,55.1,62.5,63.6,59.5,65.7,60.7
"理科24",84.2,82.9,86.7,85.3,84.2,89,84.4,85.3,85,84.4,85.5,83.8,85.2,84.8,84.2,85.8,87.6,87.2,88,83.8,85.2,84,83.6,84.2,83.6,82.6,86.4,82.9,84.4,84.2,83.6,83.7,83.8,83.6,85.3,84.3,82.4,85.9,86,82.1,82.8,83.1,81.2,83.5,84.8,81.4,83.6,80.6
